CountryID,Temperature,Rainfall
1,4.94,2800
2,16.93,1572
3,21.73,2074
4,3.79,937
1,31.44,2295
5,8.01,2530
6,22.42,1573
1,19.64,940
3,36.23,2150
4,35.73,2083
2,9.54,1144
3,21.54,1927
3,39.42,1535
6,13.27,2829
7,2.95,1184
4,28.72,1756
8,20.13,2051
3,37.59,2136
7,23.01,432
8,20.46,944
4,36.59,984
9,15.22,964
5,23.9,910
7,33.83,1888
10,23.9,1897
9,11.91,2017
5,22.33,2253
6,17.28,1233
1,39.39,1560
2,2.04,2890
10,30.72,2359
6,0.96,2327
4,24.16,2700
6,17.24,2295
1,36.42,290
4,21.57,1868
10,33.09,895
1,26.89,2323
8,17.88,462
2,13.51,600
10,4.68,1457
8,0.54,1200
5,0.06,415
10,9.04,2194
5,22.44,1568
4,39.02,1397
8,28.21,2284
2,2.83,1102
1,25.81,1752
3,19.42,2032
6,25.45,2567
9,24.93,2074
2,5.76,2716
8,36.78,2292
3,22.18,1077
2,28.03,1103
8,15.48,2101
7,4.89,1332
7,27.64,546
5,37.7,1361
2,23.25,1161
7,7.95,2574
8,24.93,2761
5,17.16,2327
8,15.96,1341
5,36.54,2509
2,29.48,1303
3,20.35,800
1,16.7,756
10,9.72,2513
3,13.74,955
4,21.62,592
8,1.93,2249
4,14.3,2012
3,19.76,2743
5,24.33,2985
10,29.72,2993
10,0.55,832
9,11.79,1179
10,10.44,734
1,20.85,2668
10,18.64,1971
3,3.2,1771
9,30.45,725
3,27.49,2718
3,32.85,1750
6,4.44,956
9,20.25,490
3,24.15,1910
6,1.96,1515
6,38.38,2006
9,31.78,2880
4,9.75,2201
5,25.15,1921
1,5.74,692
5,34.93,1638
10,3.93,1067
1,36.16,1972
10,33.11,2065
3,19.13,661
8,26.1,695
9,9.83,225
1,15.37,965
1,8.7,2277
3,21.1,2643
4,12.75,2022
6,14.06,1332
3,17.71,2102
7,34.9,1049
6,21.94,533
9,32.26,1627
6,33.94,1665
4,9.82,1454
6,31.11,2395
9,25.95,771
4,20.3,1001
5,3.55,1388
1,22.89,394
1,6.22,682
10,32.65,326
5,37.38,424
5,19.12,2811
6,17.62,755
1,19.55,1821
9,2.69,354
2,9.48,2285
2,37.62,803
4,13.8,2260
1,23.65,2596
1,25.97,2652
2,35.09,1009
1,9.53,424
6,35.61,503
7,15.67,419
8,36.87,2325
5,16.45,2225
10,4.16,477
4,2.08,2220
7,38.69,2217
2,4.85,728
5,21.65,1320
1,21.08,680
10,16.05,878
1,16.72,1294
9,19.03,2182
9,3.98,2976
10,31.64,2999
10,15.08,1914
2,9.78,1381
10,12.73,752
6,24.47,2297
1,31,2019
7,6.14,2649
3,23.7,1922
10,16.9,2313
4,34.48,1458
9,37.97,2873
6,27.14,2516
5,23.59,1480
3,31.21,615
7,19.83,2769
3,2.21,2746
10,28.04,2648
2,23.22,2813
9,6.06,2223
9,8.52,1886
5,9.23,1038
2,29.3,2553
1,20.73,1131
8,1.92,2509
6,33.52,649
9,25.8,1076
4,29.33,2279
9,37.5,268
3,10.41,282
9,23.58,969
9,30.41,1010
8,20.51,670
8,19.44,2187
7,37.15,1227
1,9.74,2834
4,26.12,1328
9,38.81,2395
9,8.8,321
6,18.5,1731
8,39.02,2090
4,1.43,2754
5,25.19,2133
7,16.18,888
1,30.84,1610
2,12.93,2198
1,14.92,732
3,20.63,516
9,13.84,1993
7,10.38,348
3,14.21,704
4,36.32,2082
2,13.71,2742
8,35.98,1114
7,8.2,632
7,26.89,791
9,29.8,2511
10,4.45,2944
7,21.76,800
6,0.52,2223
2,37.13,2652
2,20.97,1347
6,1.47,463
5,27.33,858
6,35.43,1314
6,29.5,2475
2,5.35,1195
1,21.6,1377
2,29.32,2619
10,32.02,560
9,0.64,2581
3,11.35,1704
1,35.39,2462
8,10.34,1908
3,18.9,1799
9,27.87,1765
10,39.42,377
10,17.03,1669
8,20.15,1379
1,22.35,1254
5,9.37,1835
6,14.75,839
1,17.38,2614
5,0.77,2475
10,0.3,315
2,8.97,658
9,20.49,1524
8,38.23,521
9,38.9,1419
4,25.89,1639
4,33.08,2672
1,36.03,382
10,33.57,716
10,21.75,1542
6,28.17,1483
6,0.15,2618
6,25.92,2544
2,17.03,500
3,25.79,2915
7,27.78,1923
3,3.92,2503
9,34.98,1404
3,7.03,2927
2,0.42,2628
9,17.19,722
3,3.59,1203
2,38.24,889
7,11.35,2370
3,8.94,678
2,10.48,759
6,11.33,667
10,2.5,2429
6,21.6,2637
10,0.72,1529
8,29.87,2503
8,30.71,1561
8,15.99,412
7,38.83,1098
6,31.27,1520
10,4.92,2467
2,39.19,2787
9,33.8,622
2,28.16,2975
9,26.14,2446
4,24.19,1414
2,39.61,328
3,19.14,360
3,6.63,1256
1,11.78,210
6,15.01,2754
9,12.66,1667
9,1.21,1977
6,2.95,1981
7,0.2,2437
1,27.16,2038
7,26.58,1624
7,2.73,1041
7,12.61,1807
6,11.32,2492
7,18.14,2640
3,14.35,1306
8,32.82,1337
4,35.31,1292
9,8.24,1012
9,4.84,306
4,33.57,559
6,20.06,2397
2,12.97,1129
6,2.06,2061
9,24.24,298
9,8.31,2903
4,1.51,2168
7,17.79,1011
6,23.89,2710
10,6.86,2037
4,26.06,2120
3,7.56,2075
9,0.83,798
4,5.96,2549
6,23.48,1440
9,25.41,2998
2,34.59,1807
4,2.5,2428
1,38.12,1640
9,20.88,884
6,9.82,2439
8,14.62,2341
10,2.23,1098
5,4.4,1887
7,35.3,1171
5,4.24,2918
6,2.23,1550
3,23.93,2031
3,15.31,1688
8,16.24,2681
7,4.81,529
1,1.77,2774
8,34.63,1342
5,15.58,220
8,4.4,2268
5,8.01,515
9,4.12,817
3,19.12,944
9,32.14,1288
10,15.74,348
7,24.8,1406
1,27.02,481
5,28.48,312
1,24.22,1436
5,22.16,1269
6,19.14,2693
8,18.94,1293
10,13.32,2429
3,20.18,1396
5,19.16,1180
1,12.78,2557
10,12.05,1446
2,17.84,2163
2,32.12,542
9,9.91,2855
3,33.82,1343
6,28.96,2795
1,10.48,2281
8,0.55,2171
8,3.07,589
1,35.31,488
7,32.28,1170
6,15.18,766
10,2.47,2782
5,32.45,964
7,10.21,755
5,38.12,1323
5,20.92,1251
7,28.61,775
9,18.47,1015
2,1.11,2562
5,2.53,1178
7,39.04,2050
7,16.49,882
4,7.33,2900
9,28.81,2802
3,35.29,1463
4,10.68,980
4,22.84,703
1,9.82,1642
2,32.9,2978
7,3.47,604
2,14.9,2959
6,15.2,2097
1,25.48,2401
3,7.13,2461
2,19,1582
8,22.08,2745
5,35.64,1979
6,21.07,1570
9,5.28,2589
3,4.05,2670
6,36.97,1662
5,39.19,2491
1,6.68,1906
5,30.05,753
4,10.03,2177
5,33.32,2772
4,3.86,2003
1,17.48,915
10,23.84,399
4,34.1,1208
9,34.27,1423
5,7.37,1516
5,38.68,2527
9,25.54,1367
8,26.35,1803
7,35.56,1537
10,12.81,1192
3,16.61,2300
4,39.4,2621
9,0.66,235
1,34.69,2859
4,33.7,1364
7,10.5,1146
1,32.87,2935
6,13.21,1411
5,25.16,917
6,17.88,817
4,4.05,2860
7,35.81,822
10,21.81,2701
4,19.27,378
9,35.18,1237
2,13.12,882
4,22.81,1888
5,35.29,2281
5,13.72,909
4,31.74,2175
1,20.57,2757
2,6.31,2435
9,1.62,2997
4,29.07,2039
1,10.48,527
5,32.63,916
5,7.56,2538
7,22.71,2344
4,3.74,2100
2,29.43,691
8,30.63,1000
2,36.66,314
5,22.45,509
5,4.26,2798
6,33.11,1415
5,12.56,1901
9,35.98,1005
3,39.11,2832
4,5.3,311
2,3.32,2092
3,35.9,1526
1,35.96,2117
8,23.41,2824
9,35.52,2603
2,37.22,2033
3,22.22,1325
8,27.46,1790
6,24.54,514
9,6.98,2441
9,17.45,2173
6,27.26,2042
4,24.41,1630
6,8.6,1515
9,36.39,1407
9,31.36,1863
3,2.74,2772
5,13.76,1178
8,39.82,810
6,15.59,1689
8,26.54,2899
6,4.03,403
1,12.44,2652
9,35.28,1599
5,20.42,2467
3,33,1572
5,0.31,1646
5,26.65,1456
5,12,2547
8,34.43,1210
6,37.76,1894
10,27.5,1119
1,5.84,2673
2,18.72,2882
5,18.58,1177
4,33.21,433
8,18.42,2337
3,13.31,2907
2,24.45,2127
10,25.88,954
4,32.4,1640
10,36.02,2699
2,35.6,2157
5,25.07,1693
4,20.97,1131
10,32.05,247
3,12.27,2470
6,30.32,1871
9,20.24,2960
6,4.95,665
2,30.11,2218
8,25.94,1283
9,3.3,1503
1,18.01,2264
3,19.46,878
1,26.14,2198
4,27.14,1790
9,7.62,2718
1,1.35,1028
1,31.76,1766
10,39.26,1324
6,37.63,2787
10,20.03,1767
9,21.16,405
9,37.22,2005
2,21.77,679
10,11.11,2320
7,27.1,1661
6,19.09,2829
9,31.4,1914
2,31.33,2966
10,37.44,2789
6,5.51,1637
10,20.85,2903
1,31.43,2142
2,17.39,970
6,25.08,266
5,32.68,1645
4,18.93,2618
4,16.33,563
6,7.22,599
10,32.98,459
2,31.83,1268
4,29.73,2132
2,15.73,1097
4,23.33,1510
1,4.96,2562
10,12.78,1642
1,17.42,1528
4,1.74,428
5,4.14,949
5,33.19,1409
1,38.85,2170
5,12.88,2365
4,4.27,325
6,37.42,331
1,36.57,1925
8,26.19,1816
10,13.54,2097
5,4.5,545
5,37.58,2162
9,36.82,2331
7,29.73,2289
1,37.36,2682
3,5.59,1389
5,4.37,1650
10,7.68,2295
8,8.62,1265
5,33.09,384
8,36.87,2045
4,8.62,1455
4,18.51,600
7,18.18,1914
6,7.11,1360
3,34.13,1947
9,20.9,1743
7,22.65,1456
2,10.34,2182
9,22.37,1591
1,31.7,2175
10,12.2,1170
2,4.53,2749
2,23.36,2614
7,25.43,2508
6,8.08,1287
7,9.93,2939
1,6.12,2747
5,36.86,2603
5,8.52,1774
6,0.43,1592
1,33.61,1715
6,32.13,2893
8,18.26,604
5,31.89,2155
2,17.98,2265
3,8.98,567
10,17.04,1480
1,19.47,420
9,0.36,2520
6,4.53,1470
10,34.99,1793
9,15.7,1470
10,13.26,372
3,35.53,1551
9,6.18,322
7,8.68,1952
4,33.12,2714
7,11.19,835
5,25.33,2937
4,29.58,1454
7,8.91,1535
4,10.14,2896
4,20.65,1699
2,31.69,700
6,22.18,1856
6,2.69,2568
2,14.03,2096
10,13.23,2308
8,32.3,1361
10,11.59,325
9,36.05,391
9,13.4,2169
4,7.76,2440
7,21.6,788
7,15.46,942
6,25.9,2630
1,36.63,1316
10,37.63,1025
5,9.09,1903
3,6.49,2951
7,37.6,2856
3,32.5,1353
4,10.47,2472
3,32.2,1951
5,29.64,2259
2,10.14,2595
5,36.23,2321
3,12.87,1334
5,19.21,1705
8,24.37,2444
4,7.65,2438
10,24.45,2009
2,28.25,2189
7,4.06,2898
9,15.17,693
10,24.48,2910
9,37.05,2507
4,35.64,368
2,6.79,376
6,24.42,1368
7,3.92,786
8,11.76,254
6,23.89,2881
4,3.25,2786
10,35.55,2934
8,33.16,335
5,18.94,1246
3,19.67,737
8,35.25,2409
4,2.02,2407
1,5.76,2765
3,12.32,1928
9,14.58,1600
7,39.5,514
9,5.9,2937
8,12.12,907
9,33.12,1440
4,31.37,463
5,26.19,1775
10,13.14,2587
7,4.71,661
9,39.34,2247
9,10.06,1384
8,33.79,513
10,35.8,1083
6,17.64,330
9,34.03,2326
4,11.16,866
1,35.6,1690
7,25.44,264
9,7.77,768
4,31.46,1642
4,36.55,2216
7,22.82,1146
6,30.41,251
4,31.79,1143
1,31.5,1727
4,18.18,2584
4,29.6,338
4,21.94,591
5,16.59,433
5,6.63,631
6,36.36,487
9,16.6,2276
4,9.58,1329
10,9.69,807
9,9.68,2751
6,0.1,832
2,17.53,815
9,35.63,2124
9,1.01,2900
3,38.26,2545
8,7.16,1489
3,28.75,1377
1,31.41,993
5,29.4,2972
5,13.57,1118
8,28.15,1299
7,18.92,959
7,6.09,1025
6,8.04,2347
8,1.04,2151
9,13.28,473
7,29.12,2545
4,38.76,411
10,5.34,1155
9,14.13,2536
1,7.26,2456
4,30.44,1794
4,36.78,2859
8,4.56,896
6,36.14,2693
1,10.86,2438
7,8.92,2918
8,2.27,1902
7,3.22,796
8,2.77,2520
8,17.86,488
8,26.35,2439
6,7.38,465
8,8.71,1035
2,6.92,2490
10,32.26,877
7,5.49,1191
9,2.94,880
3,1.47,2459
1,1.61,900
5,21.87,1110
6,3.76,1019
9,8.9,2255
4,33.31,1663
2,38.72,1833
5,34.43,785
3,38.38,277
9,26.82,1091
5,39.49,2946
9,19.85,2132
2,31.79,2243
3,38.87,2818
4,28.37,2852
8,38.27,2309
7,10.15,1358
4,12.01,2675
8,15.89,2730
6,18.58,1029
10,35.9,1964
1,35.51,1291
1,26.32,1685
7,9.29,964
3,9.62,2701
2,25.27,216
3,20.14,351
2,10.34,660
3,6.73,447
10,28.91,2404
6,32.53,799
6,10.45,297
8,17,1301
5,28.54,738
6,18.77,495
6,38.45,2128
4,5.18,2647
4,34.17,2260
8,12.24,637
5,27.48,1622
7,10.15,2219
4,38.66,864
7,2.01,2647
9,20.54,2621
4,36.42,1203
10,18.79,758
5,33.61,2732
8,37.99,2664
9,2.71,1307
5,19.55,865
10,27.46,682
5,33.29,1038
10,6.53,2164
10,22.67,305
7,6.52,1432
3,30.22,1906
9,11.39,990
5,10.75,1011
2,30.79,1049
9,33.68,369
3,13.73,2757
9,20.04,549
6,27.74,1899
2,29.81,1814
3,30.8,2713
7,15.62,2208
5,21.45,2132
1,4.38,1951
3,37.94,1304
8,28.06,648
5,15.02,2879
3,15.58,1324
6,3.62,1592
1,18.28,2018
6,26.92,1883
1,38.1,2055
8,25.9,964
5,26.03,1488
7,31.46,2449
6,20.39,1341
6,1.29,1346
10,35.59,1248
1,16.1,2616
4,39.39,584
5,16.26,1794
1,26.73,2155
10,18.39,2521
9,9.3,2582
1,37.23,733
7,25.09,2591
5,18.02,1362
10,5.77,306
9,39.96,1121
2,35.81,2593
10,16.91,909
2,6.86,1192
5,1.19,646
6,6.07,2709
10,21.38,1272
8,32.63,2904
2,14.54,538
7,17.36,2943
8,18.93,222
3,0.7,1267
3,7.08,1994
9,20.04,636
6,11.18,1108
5,20.93,1292
10,4.32,793
4,32.11,2760
7,31.35,1196
2,26.79,476
5,21.26,691
8,15.6,282
3,27.31,2349
7,31.27,1449
4,32.34,667
10,13.9,1364
9,7.76,1197
4,13.67,2579
7,0.31,1152
4,16.93,1492
7,10.94,1567
7,31.6,1199
1,26.99,293
2,1.04,1122
3,5.77,2109
1,21.69,1411
10,24.72,2753
1,30.76,2829
6,38.73,2559
6,28.08,2079
3,21.8,2004
4,16.58,1358
2,29.53,1325
3,37.39,557
7,16.92,341
8,23.39,1994
2,8.28,2418
2,34.3,2259
7,28.54,1278
7,14.19,701
9,34.96,1180
3,38.83,2178
7,11.54,1085
6,7.47,802
10,33.28,524
8,23.3,2164
3,35.37,1922
5,13.9,2744
6,23.25,515
4,23.09,1924
7,7.53,2033
5,39.68,371
7,26.56,1613
2,26.57,780
6,11.87,1501
2,26.02,1544
9,33.32,283
2,32.54,2335
9,36.79,1371
9,5.95,2038
5,7.31,1143
7,28.41,932
4,32.31,2993
2,26.97,2783
6,5.71,1986
9,23.8,2575
7,29.94,297
8,5.48,413
3,2.23,1006
5,10.19,510
4,3.63,1960
1,5.94,1595
5,8.13,1701
8,21.23,2430
3,6.23,2445
8,24.19,2182
2,11.63,1556
9,12.42,2657
4,38.7,2968
10,32.21,556
9,16.97,1055
10,17.9,1398
3,4.59,2901
7,33.78,842
1,0.16,1164
6,5.78,838
9,21.36,1621
4,7.54,2511
8,25.31,1714
4,0.15,2976
3,3.94,726
10,30.59,2988
8,23.06,564
6,0.78,208
6,8.23,312
9,9.56,2722
3,33.96,678
7,23.3,1401
3,21.66,1047
10,3.47,2729
4,26.28,1869
6,6.24,2675
4,20.87,2432
4,23.71,2040
4,33.68,915
6,32.26,780
5,7.6,575
2,36.65,2926
10,0.11,645
5,13.21,1235
10,2.65,1420
8,28.84,2813
3,20.01,1071
3,7,684
1,3.41,2583
3,9.04,1552
6,36.83,2984
7,27.11,876
9,9.69,1736
1,35.75,1910
9,5.46,1360
10,27.54,2521
9,16.99,1581
9,10.73,1907
1,10.49,430
8,20.03,2478
4,37.26,2957
3,29.69,2762
3,26.48,2231
6,35.02,311
1,22.81,1132
6,7.68,2011
7,39.09,1572
7,21.39,1259
6,12.61,1431
1,31.13,203
6,18.56,1343
3,0.5,2356
5,12.8,1752
2,18.29,1962
9,14.9,1920
2,22.07,938
1,7.33,2296
2,22.9,1332
7,39.46,2727
10,30.15,1916
9,27.38,721
4,8.02,2623
1,23.27,1346
9,32.79,2835
2,9.63,834
7,3.47,848
8,26.47,1372
5,26.94,1224
4,32.18,922
5,25.18,566
9,33.92,2393
7,10.64,2860
7,1.41,2130
2,29.31,2479
3,15.44,818
2,8.39,2716
3,2.07,411
3,30.22,464
4,33.05,1481
2,15.56,824
8,35.4,1867
6,16.62,2003
6,38.06,1434
2,39.33,1216
2,32.71,1306
5,10.25,961
4,14.65,548
2,21.31,2542
5,13.15,2435
3,32.76,1095
7,37.1,2151
7,39.43,530
3,13.45,2288
1,10.81,2203
5,6.44,1823
5,1.9,1122
3,7.08,1718
8,11.38,1532
10,15.64,1217
9,4.39,2486
3,32.81,2846
2,24.76,2909
2,22.51,204
4,21.81,2565
3,11.6,870
4,37.5,246
3,9.27,1516
5,26.75,1249
9,10.12,1438
5,39.58,498
10,36.47,260
7,10.58,2631
6,39.5,2060
3,25.04,1862
10,29.14,2144
7,11.32,2024
1,8.64,955
9,34.32,775
4,11.01,2424
4,36.7,292
5,14.67,1731
2,0.37,1750
7,23.69,2523
1,14.15,733
10,39.04,2001
9,15.47,2191
7,12.58,2430
1,22.66,1063
6,29.2,611
3,38.66,1872
4,2.78,1254
10,16.78,2462
4,26.55,2599
10,0.2,2065
5,19.56,1962
2,32.26,1408
10,2.03,1126
4,13.62,1810
5,16.04,431
10,28.65,1297
6,11.83,452
2,9.85,633
10,4.62,2156
5,39.84,2988
7,18.87,1422
8,1.93,2971
1,3.06,283
8,5.12,911
8,8.47,1880
9,29.62,416
6,22.35,1460
7,31.07,2758
3,0.79,2505
10,10.6,2476
1,16.22,497
2,17.16,2865
7,2.14,704
4,20.46,850
3,11.46,1947
9,7.66,1862
9,26.85,1984
7,3.35,2687
5,34.68,1808
8,35.99,2420
4,13.02,1140
9,39.48,2916
1,16.05,361
9,38.49,2241
2,39.48,806
10,33.08,1057
9,4.99,2112
2,23.38,1971
7,29.28,219
7,3.1,2829
3,35.75,601
9,34.07,911
1,37.35,1667
9,20.57,1918
1,12.97,2555
6,20.25,1760
3,29.17,1713
6,16.65,1568
9,14.07,1549
3,3.08,2796
6,17.89,2154
8,15.72,2430
9,26.53,1067
6,17.55,1991
8,0.16,223
8,19.37,2483
7,30.95,2000
9,37.81,2750
8,7.72,454
7,16.9,576
6,33.9,1332
2,1.71,2042
9,14,1541
3,23.64,621
1,13.7,330
1,19.58,1143
6,37.56,1648
5,0.96,418
5,3.12,1808
6,7.88,396
8,15.4,2842
9,18.83,2084
1,1.47,817
1,35.3,1835
8,30.34,2943
1,10.72,1043
3,10.27,1301
9,1.02,1878
10,15.97,1594
1,10.18,1318
6,24.74,2636
3,21.92,2035
1,38.29,2762
3,31.81,246
7,3.23,1381
10,28.17,950
4,4.28,2518
6,12.92,2669
6,22.2,1251
9,19.83,1400
3,27.73,2334
8,32.4,886
6,33.18,2966
3,2.33,1810
3,25.67,957
2,38.46,253
2,30.2,2330
4,20.8,2791
7,39.94,2632
4,1.76,2135
1,3.53,2770
8,30.73,2470
1,21.99,2088
5,4.98,2533
1,15.01,2221
9,2.57,1803
1,21.06,643
4,4.16,2336
6,0.28,1752
6,12.9,1381
2,9.35,468
8,14.48,1107
8,14.02,1255
9,25.2,2334
4,27.2,2340
2,5.09,794
5,19.55,1739
8,35.57,353
6,5.94,1817
1,38.67,617
1,0.77,452
2,3.99,2406
4,7.1,511
4,18.79,1797
7,11.97,780
10,16.73,634
8,37.63,1205
4,13.66,464
6,33.92,1231
2,2.91,1217
5,32.48,2354
7,36.06,938
3,11.4,1292
9,21.88,639
5,7.49,2037
3,3.63,1041
1,30.82,1094
9,25.19,850
8,30.09,2767
6,17.59,1291
9,9.98,2236
10,17.07,345
3,2.59,583
8,11.34,2715
10,11.9,1089
1,28.58,2762
10,2.13,1622
7,9.81,2179
7,11.06,1863
2,22.05,319
5,9.79,2997
5,5.3,254
8,10.32,1293
1,16.88,2112
4,21.02,1717
7,1.46,555
8,12.39,1691
4,30.57,1511
5,23.9,973
2,18.24,1111
10,18.12,1208
7,14.76,1945
8,13.68,1460
9,16.03,2465
4,34.77,923
10,18.75,2228
7,26.77,1493
5,32.31,1881
1,17.28,463
4,33.57,543
5,39.71,1700
7,20.17,720
4,16.11,1265
10,32.23,2037
7,25.97,2114
3,24.53,631
8,35.44,2019
10,25.98,2577
4,25.66,475
1,8.28,1645
5,27.53,926
9,36.52,2103
5,23.05,2115
4,36.13,2994
5,13.58,1371
8,1.7,2142
7,17.81,2380
9,0.16,899
6,6.19,1186
4,7.62,784
2,21.35,2352
6,38,491
5,0.79,2479
4,9.47,1324
3,38.78,2506
2,35.27,1515
9,33.39,311
1,3.67,1268
3,25.76,1706
6,8.13,2472
7,26.04,2145
8,17.1,1117
1,25.43,2828
3,17.15,2983
7,36.31,760
7,1.01,1844
4,7.66,1202
3,33.32,1086
9,29.47,1893
5,7.45,1462
2,4.86,2627
2,12.45,656
6,19.27,1739
6,1.88,1427
2,33.82,283
9,20.84,2136
8,36.78,2606
10,13.03,1596
5,1.95,1797
8,34.85,257
4,5.98,2931
10,13.43,2049
10,18.57,636
3,19.68,1213
9,0.94,2896
9,21.07,1973
10,3.08,2765
3,13.07,2333
5,39.02,1799
10,11.21,1179
1,32.51,2914
6,20.41,1759
6,8.1,463
8,28.88,2570
4,22.21,210
6,21.32,2120
7,1.2,462
8,13.35,1107
6,29.39,2054
4,31.84,653
9,32.59,1454
9,1.5,2527
5,6.51,749
10,39.42,398
1,6.22,2001
9,8.52,2917
3,32.1,2079
6,15.74,485
3,4.65,1351
4,5,1430
9,3.35,457
1,7.23,975
4,19.88,2904
7,0.6,710
7,4.69,759
3,36.28,2311
10,35.06,900
8,33.32,340
10,28.25,1177
5,26.46,2140
10,11.02,939
5,13.4,2354
5,9.43,1865
1,39.21,2075
9,25.37,412
1,38.63,1876
5,10.87,587
4,24.85,2505
7,30.36,1032
5,3.79,997
1,26.68,237
4,6.76,1248
1,13.12,1050
10,28.65,1361
6,17.6,2160
3,36.85,260
8,9.65,310
1,6.15,457
8,13.49,2072
2,34.08,334
1,33.9,2307
6,14.77,2436
8,32.39,2583
5,3.11,2872
1,0.3,2242
9,34.59,2973
3,34.96,285
6,5.74,2914
8,11.91,2327
6,34.02,2819
4,3.35,2044
3,34.52,1771
5,22.99,1000
1,26.29,2060
1,23.79,1690
1,23.3,2422
3,7.4,1065
9,9.44,1824
2,23.2,1282
7,16.06,1796
10,21.65,605
8,10.13,2734
9,18.55,482
5,5.74,936
8,1.54,655
1,38.04,421
6,28.92,1750
5,19.92,2155
8,22.04,915
1,20.45,1264
8,35.95,2930
6,30.95,979
1,13.01,907
2,8.73,2497
9,2.66,2954
4,5.91,1453
10,19.6,1831
3,8.1,1953
10,12.5,2251
5,5.33,648
10,36.91,710
1,1.35,245
2,14.07,530
4,10.33,2373
9,0.33,1360
9,37.14,1871
6,12.54,2094
3,20.09,2054
8,23.3,1366
2,24.42,784
8,18.41,1649
4,23.75,2597
10,30.07,477
9,38.08,2577
4,26.28,1932
10,18.49,1673
9,17.78,677
10,28.39,1799
3,25.08,709
2,16.82,956
5,13.44,2038
4,39.73,1570
4,30.67,230
7,8.27,2198
1,11.69,1600
3,35.75,1261
3,26.43,750
8,12.43,875
10,14.57,555
1,15.16,466
2,7.45,489
2,20.45,1243
3,30.62,2310
2,22.56,2036
7,26.24,1715
4,23.82,2417
6,2.36,212
5,7.52,2896
8,14.01,588
10,35.57,2157
5,13.95,2983
10,13.08,1912
9,3.22,2604
5,38.88,1891
6,31.14,832
3,30.64,2115
7,15.35,2445
4,3.13,2404
4,10.54,1547
7,34.12,1433
1,7.21,1419
9,35.77,2517
10,21.43,261
6,28.58,697
2,18.15,937
5,37.29,2364
9,9.59,1114
5,22.9,1636
6,2.76,2965
8,19.22,1067
8,38.91,2548
9,3.53,2574
3,20.27,1763
6,24.09,1538
6,37.27,1149
7,11.9,2980
3,20.12,721
10,39.49,2026
10,30.76,1227
2,32.42,2428
4,31.22,1308
8,20.61,2733
10,17.37,2779
3,10.19,1422
6,18.64,2958
10,0.82,295
6,3.88,989
10,11.49,288
8,13.35,1881
5,28.3,723
10,6.86,2275
3,31.83,2522
10,32.03,2802
4,23.48,664
8,19.66,298
3,18.7,854
7,16.82,652
3,3.54,491
4,26.22,1832
5,23.09,2218
8,0.63,2033
7,8.11,2117
4,17.45,500
4,36.05,2421
9,39.61,1409
8,30.05,229
3,29.97,450
6,16.61,2868
5,22.84,1663
6,9.31,543
3,29.53,2593
3,2.39,1885
8,16.69,1717
3,33.25,1320
9,39.19,2783
7,27.86,1548
3,7.89,2591
6,22.84,1066
3,22.42,285
9,38.63,1384
10,33.61,1240
10,1.96,2491
4,8.8,2181
5,33.68,979
2,38.9,2021
7,11.79,2132
1,27.63,2253
4,12.31,580
5,1.64,978
10,33.18,323
6,29.55,1283
1,2.13,700
5,5.82,2257
5,39.98,1170
4,26.03,2843
1,32.02,1649
8,15.55,1907
2,20.73,656
8,24.8,811
1,32.24,2006
8,13.56,926
9,26.89,2844
10,31.03,1774
9,32.21,1728
3,19.97,486
8,18.93,406
3,4.18,2147
6,19.91,749
7,28.08,2939
6,36.82,2201
1,5.01,913
5,38.76,1081
10,9.36,2847
8,7.03,442
4,4.58,859
7,39.61,1196
2,22.44,1170
2,10.82,1740
2,12.7,850
8,38.01,2350
2,36,2082
9,14,1469
7,2.54,2395
9,33.34,1018
5,36.58,869
7,33.5,1399
9,36.52,968
7,23.04,618
5,33.59,2145
3,37.76,732
8,35.6,1107
8,23.49,427
2,29.86,1260
6,28.85,1826
2,32.12,1550
1,9.15,377
9,0.09,2213
7,20.4,667
6,30.62,821
5,5,2095
1,21.31,2403
5,12.58,2507
8,33.53,2643
8,4.01,1802
2,33.92,2507
9,24.43,470
6,36.78,611
10,37.43,592
1,32.36,2442
1,21.2,2614
2,5.7,1093
8,9.02,793
2,16.71,2809
7,29.16,1301
6,21.79,2784
9,17.53,2030
3,19.1,2819
4,29.66,507
4,1.37,781
2,17.71,2913
7,22.91,759
6,23.55,2813
10,24.75,2106
4,2.14,1595
6,22.32,1337
9,22.02,476
5,34.19,661
7,30.4,2869
8,1.25,2238
6,22.24,2232
9,27.64,2262
10,23.21,241
3,27.05,219
8,4.67,1239
3,6.77,846
10,23.31,806
9,32.03,2340
4,1.04,2328
3,17.45,2137
8,39.68,2086
2,30.63,1721
1,18.01,857
6,3.92,2742
4,14.37,2273
3,6.18,1932
5,36.83,2903
6,27.43,2182
2,34.23,655
10,35.9,1300
1,24.28,513
9,0.26,551
2,22.24,2237
2,32.1,1122
10,12.58,1424
7,37.11,2550
10,39.87,526
7,21.97,322
7,21.25,2425
4,26.21,1525
4,22.65,1231
8,6.42,201
3,10.84,1369
3,8.07,2795
9,2.89,1823
3,5.62,2878
4,38.89,2729
8,22.2,1265
8,5.04,1581
7,28.52,1874
10,19.07,2818
9,8.99,2939
7,37.74,1937
10,8.98,2468
3,3.9,2296
7,8.23,1151
6,36.48,559
3,34.31,951
10,35.77,839
9,36.65,2065
10,3.1,2340
7,28.45,2938
7,26.58,1707
2,39.72,2786
9,28.59,2886
5,31.68,297
3,28.6,1531
8,24.82,617
9,22.12,2151
8,38.77,499
9,37.45,2123
9,17.51,759
10,11.37,983
9,20.36,2357
2,29.84,2066
5,16.04,726
7,21.49,2751
1,11.95,1325
8,17.11,2853
7,38.29,1407
1,8.59,418
5,39.55,2376
5,8.62,1888
8,12.77,803
8,3.49,754
5,30.08,681
1,0.71,2495
9,31.51,1143
3,23.09,1291
6,29.95,1943
7,31.32,1940
10,4.98,1880
7,0.86,291
10,6.75,1873
1,15.36,1718
10,2.93,2776
8,18.27,1615
3,11.4,713
3,14.55,639
8,37.61,1985
2,28.97,1032
1,26.33,638
2,26.14,2878
2,22.22,1420
7,20.52,1578
5,35.29,1330
7,3,828
5,11.54,341
6,4.17,2065
10,0.44,1757
5,0.55,904
8,0.96,1123
7,27.27,1565
1,4.46,2535
10,8.1,2514
6,16.76,2145
5,10.77,1755
6,32.67,2075
1,24.94,2472
2,13.33,1164
3,12.71,2416
1,27.35,522
4,6.83,1923
1,11.22,2217
6,14.14,294
8,18.19,561
7,7.62,1829
8,6.29,1789
6,39.6,2004
7,36.53,2024
4,20.94,869
3,30.62,2758
10,26.96,2514
6,3,2012
5,20.72,999
6,7.36,332
6,23.36,2596
7,2.47,746
9,6.52,962
1,31.27,1782
9,33.73,2515
4,36.3,2028
5,35.87,1205
3,36.28,1267
2,3.79,1501
4,26.38,1362
2,28.04,2078
2,10.73,1534
3,39.72,465
8,11.43,2417
9,23,1439
6,34.89,316
10,11.57,2174
2,24.26,2681
5,28.8,1639
4,25.07,287
8,16.24,433
2,37.79,808
8,24.49,729
8,8.97,2076
2,32.25,1858
7,26.24,437
1,4.38,2611
5,11.13,608
6,6.33,1510
6,2.91,1202
5,9.21,2203
7,11.13,417
6,18.66,2650
8,38.77,2592
3,37.73,2731
4,30.15,312
9,25.86,1241
6,37.89,2466
5,5.7,360
3,13.21,1293
2,22.13,1230
1,32.56,1224
5,24.95,2346
8,32.35,2846
1,6.12,1815
4,7.71,514
4,29.62,1257
7,13.93,425
10,17.44,678
7,31.67,2738
3,2.8,422
1,6.72,1915
10,11.83,2130
2,35.34,719
8,16.2,2490
1,10.08,287
7,27.14,1182
9,1.21,679
10,31,508
10,27.92,2902
8,2.2,739
6,19.92,1691
4,16.17,289
4,6.33,1209
9,6.16,2560
3,6.41,379
3,23.99,748
2,6.84,201
1,2.38,1257
5,38.3,1537
6,1.57,2473
7,26.56,563
5,37.44,1730
5,1.52,1149
10,38.63,315
9,20.09,2361
4,31.4,1765
2,25,794
3,24.67,2726
9,31.55,2967
10,2.62,2354
7,15.7,2562
2,38.78,2111
10,2.18,1375
4,10.51,2134
4,26.88,2322
4,4.02,2929
9,21.47,386
9,28.53,2586
3,30.3,2046
3,22.45,1612
7,20.03,1024
2,28.56,252
8,5.8,456
8,27.22,1795
10,36.77,2293
4,27.31,214
2,1.86,2875
5,20.24,211
9,29.05,2248
1,1.73,2324
6,30.49,741
7,11.26,1195
4,23.55,249
4,38.65,1865
4,39.8,1229
9,25.38,2322
9,19.66,545
6,7.11,2580
5,8.33,2925
2,17.17,2515
4,28.09,1703
8,30.77,1531
3,8.88,1940
8,21.42,2846
10,23.66,811
8,35.72,2945
10,35.06,1445
1,32.7,2525
3,20.67,884
8,2.6,2565
1,13.38,342
7,24.87,2149
2,25.5,353
1,33.96,577
2,15.18,1830
8,37.46,733
5,6.53,2884
1,1.99,2228
3,7.07,892
8,18.49,2090
4,32.92,986
9,6.15,2409
1,21.93,665
3,31.06,2525
7,1.39,2719
4,1.66,340
7,19.62,1927
8,7.31,2191
9,18.02,1009
1,1.76,1470
1,39.07,902
5,26.17,369
5,27.47,2466
8,20.39,2281
8,33,2532
9,33.34,1633
5,6.36,1630
3,30.74,1259
3,22.67,464
9,30.5,1052
3,36.75,1963
10,13.4,206
2,22.84,222
9,31.5,1639
9,39.47,2782
6,24.5,2316
4,28.85,212
4,33.85,1983
10,30.05,2505
5,37.69,2967
8,9.19,1147
8,36.31,2045
7,8.28,1251
10,22.61,2892
9,20.92,2067
10,33.25,613
10,15.94,2010
10,5.73,1327
4,28.27,2912
10,24.27,2983
2,33.08,639
8,30.35,2006
7,35.79,308
2,33.56,2677
7,27.44,1644
6,18.63,2593
7,0.81,580
8,12.3,1727
8,29.1,1795
10,2.38,2821
1,30.26,1766
6,20.66,2405
9,34.71,1582
3,26.39,822
7,31.94,749
1,6.86,2971
10,6.92,1626
4,8.44,2896
9,13.33,2151
5,36.18,2917
1,30.97,333
4,14.59,900
6,36.74,1900
10,31.16,2838
9,26.24,1475
9,17.46,2190
9,26.07,405
6,23.73,2395
7,31.27,707
5,9.02,729
6,35.42,2438
3,23.67,2180
5,32.27,605
8,13.89,287
10,15.68,806
6,37.49,1656
4,24.88,473
5,12.71,260
3,3.29,281
8,17.37,1301
7,33.96,1544
4,10.06,735
5,34.41,2919
10,6.47,1489
4,5.2,1098
8,24.23,307
4,32.19,1804
2,31.2,1221
1,21.74,2643
7,25.55,2080
8,10.33,728
4,22.05,2581
1,8.31,2474
1,37.13,1415
4,27.12,520
10,22.59,541
2,9.89,1251
6,16.36,2265
2,31.21,832
4,9.58,2740
7,5.15,1738
6,12.29,2517
8,31.78,1198
2,35.32,2382
4,16.57,2759
2,31.25,2648
6,13.29,1718
3,20.35,1306
5,0.81,1942
2,28.48,1902
8,28.75,844
8,4.01,278
9,14.35,1531
2,19.34,2868
5,30.96,1249
10,32.94,2414
1,28.77,884
5,8.63,1766
1,14.25,660
1,9.89,1263
3,25.49,999
9,25.89,971
5,0.65,1563
5,29.27,2421
3,9.18,2834
2,32.06,2801
2,33.31,366
2,31.88,2445
7,16.32,2687
1,13.93,758
7,17.4,1753
9,21.09,713
3,10,1325
5,37.27,1405
1,20.16,2661
7,2.93,2738
7,39.89,1995
4,19.36,1792
7,37.88,2789
10,15.61,2498
5,8.99,1956
10,29.48,2931
5,17.3,444
3,35.26,687
5,18.58,1966
10,13.53,2148
5,38.67,235
3,33.21,568
3,8.22,1158
9,19.55,457
5,4.53,700
4,4.31,853
2,34.14,2967
8,37.27,1835
3,29.55,678
6,39.57,439
2,1.81,2615
1,13.26,2396
5,5.28,931
10,31.28,600
8,35.62,793
6,17.88,487
2,33.17,1886
5,33.9,333
9,5.59,2020
1,15.08,2054
8,7.52,1677
4,26.8,424
9,15.49,2884
6,26.71,2231
8,35.04,807
9,16.51,1099
1,38.88,1025
4,16.34,2150
9,8.55,610
7,21.17,573
4,15.96,2332
6,5,283
1,0.93,681
5,29.76,471
10,37.31,2253
10,17.62,718
10,2.62,2261
8,29.63,1960
6,34.68,1016
1,12.95,686
4,8.88,996
8,13.48,2734
6,36.33,1391
5,16.72,1136
7,26.17,2653
1,2.97,662
10,11.26,2379
9,9.12,705
1,2.5,2201
3,4.82,2880
6,16.66,2483
2,22.32,222
5,12.48,813
7,16.78,651
5,30.38,473
1,9.89,1224
2,1.36,2908
3,10.28,365
4,36.86,2657
9,0.72,496
2,5.16,2226
6,2.6,1316
10,15.08,1136
3,25.91,295
9,36.41,770
7,31.76,340
10,10.03,1540
1,25.39,2810
2,26.55,2154
9,3.62,966
8,17.09,1826
4,12.45,1032
4,6.28,1528
3,2.35,2424
7,1.09,814
3,34.35,853
8,13.23,2668
6,19.72,229
7,11.67,341
5,6.63,1938
6,10.45,2470
7,6.8,1728
7,30.32,2146
8,36.3,710
1,17.38,1498
8,32.92,2345
7,17.03,1187
9,17.87,659
6,19.4,1390
8,32.81,465
1,37.45,583
2,29.78,2398
3,35.54,1471
7,25.71,770
5,33.57,2465
2,22.27,2842
4,30.91,1325
10,28.21,499
1,29.97,2009
5,9.38,1271
10,6.15,2578
1,26.12,961
9,19.32,1952
3,30.59,2760
2,5.86,1127
6,37.91,2344
1,28.16,2183
6,0.92,1998
3,23.06,2337
7,12.5,351
4,10.99,1804
2,36.09,925
3,33.44,2355
3,0.38,363
9,7.27,650
10,28.78,1017
4,33.93,2495
2,28.7,1154
7,21.01,684
7,39.38,2689
8,31.89,2221
3,18.72,2747
1,23.34,2526
9,1.79,723
4,38.59,1409
7,14.51,1028
2,26.46,687
8,26.68,423
2,2.28,1184
9,10.63,1769
1,26.25,300
8,36.49,2111
8,31.15,2240
10,23.21,2922
4,9.3,2679
8,37.95,748
10,16.15,1735
10,6,2032
9,0.87,2637
6,38.01,2458
2,31.12,2119
1,8.66,1309
5,5.67,1728
2,38.38,962
8,9.63,2455
1,18.48,1185
7,24.43,971
6,2.5,2872
7,13.78,984
7,37.75,2847
4,28.01,1981
2,14.71,2814
5,31.67,2251
9,33.49,695
5,6.07,2626
7,23.46,555
8,14.67,667
6,20.27,637
3,18.76,1027
5,20.15,900
7,20.88,245
6,2.77,808
1,7.11,248
2,22.65,2367
10,37.44,2520
4,29.86,1223
6,9.55,2087
8,14.47,383
8,13.42,2592
6,30.78,1019
8,38.89,1806
2,14.22,1755
8,0.59,1892
5,37.48,1562
10,30.13,658
8,33.37,2472
10,8.35,889
7,25.83,2622
9,9.31,2242
2,0.46,439
9,6.28,1037
7,36.91,867
2,8.61,1337
6,23.41,2361
6,38.72,1200
10,3.03,2164
7,32.32,1655
10,23.9,1725
4,12.94,1594
8,14.57,1798
3,1.09,1761
4,10.23,1310
8,16.94,1669
2,28.68,804
10,10.99,399
2,23.21,1585
2,29.27,2734
8,27.94,2122
7,23.61,2964
8,23.21,283
1,28.85,1470
6,13.42,2107
6,18.01,2515
4,38.65,664
6,26.74,2465
8,20.8,1457
5,23.13,2292
10,4.18,2407
8,23.68,1381
8,33.46,979
3,20.94,755
10,7.08,2929
1,17.93,1473
6,11.12,1412
10,14.39,1545
6,9,2092
4,13.36,993
10,32.87,2919
6,30.31,418
1,19.62,2763
9,31.3,1262
2,39.02,2024
2,16.25,900
1,39.2,2389
3,9.84,2593
9,38.18,502
4,34.58,1353
1,7.97,2715
2,13.99,545
2,28.32,375
2,7.66,2441
7,23.63,2584
1,21.39,1402
8,11.67,1975
4,12.02,2891
2,20.65,280
6,11.99,2408
1,7.21,606
7,30.93,1404
1,23.27,1492
4,17.51,1793
7,7.25,693
4,23.77,2438
1,25.14,1544
8,19.19,1583
4,14.91,753
7,34.69,1318
7,28.19,2603
4,14.25,1824
5,23.72,2617
1,9.35,2992
5,0.46,2543
3,34.75,2268
1,32.76,872
4,25.58,2614
9,32.45,2957
4,31.23,2801
5,34.41,748
8,35.67,1935
4,32.75,1608
4,34.07,1889
8,20.07,2286
4,28.32,2294
2,13.33,1535
9,34.45,1333
6,34.34,385
9,2.65,1123
4,13.88,2206
2,6.86,2574
1,5.43,1951
4,16.6,2357
5,25.03,2420
2,13.75,1544
8,12.37,2763
2,3.78,2180
8,15.32,260
3,18.84,1394
6,15.95,2091
10,27.2,1352
2,11.53,2906
7,28.64,1274
5,35.31,1799
4,23.65,2138
5,15.55,1805
9,7.19,2208
10,37.3,1246
9,30.07,968
3,9.86,1284
10,6.03,406
10,1.97,992
9,7.62,1076
8,29.3,2099
9,25.18,1224
5,38.7,2799
8,12.88,2240
5,31.46,2524
3,4.82,958
4,22.5,2162
1,18.67,1361
8,33.53,2569
3,28.06,1859
7,7.77,1826
3,39.36,2493
9,32.93,1200
9,14.19,1719
1,33.04,675
3,38.28,325
6,35.61,2513
4,22.25,2171
9,23.09,2385
1,4.26,1461
4,6.59,1526
3,39.3,2768
3,30.79,1269
10,1.02,1596
1,21.9,2749
9,13.81,1547
6,12.46,843
3,22.26,1608
6,12.81,948
3,10.06,1104
9,37.51,2016
4,1.59,1817
2,17.45,654
4,20.45,1973
3,17.6,1023
5,26.29,1272
2,1.03,2948
2,35.4,720
6,20.01,593
1,22.15,2642
6,18.51,295
6,17.78,284
5,7.47,1259
4,20.18,615
4,16.85,794
7,18.72,2191
3,0.55,2922
5,5.24,925
7,30.53,2123
9,16.76,420
3,29.72,1542
3,6.84,678
10,27.93,2639
10,11.56,2692
8,28.2,518
8,3.47,1540
6,13.35,492
9,4.77,715
2,25.19,1279
2,15.7,769
10,2.97,961
10,21.05,343
10,1,508
5,32.74,217
1,37.53,1574
8,32.4,1389
5,38.06,1767
4,35.88,1335
2,35.8,2472
3,9.82,1051
8,9.25,2039
7,32.38,353
4,19.66,309
8,37.69,537
5,35.89,2164
9,35.73,706
3,13.04,2420
8,5.32,2006
1,27.12,998
10,17.62,2646
10,37.36,2349
3,34.15,1188
5,37.15,2225
10,22.71,1472
8,21.05,684
7,33.88,2242
2,20.48,2206
2,36,373
4,1.38,2066
6,14.35,1581
9,33.39,1662
3,8.4,1253
4,15.96,2800
6,0.4,266
5,12.07,687
1,12.75,984
1,29.3,1761
9,27.09,1341
10,17.8,920
8,29.14,1580
4,17.13,447
4,17.38,2183
3,25.82,1830
3,28.92,2706
1,33.88,925
1,30.06,2623
7,26.81,1093
7,22.46,2727
10,12.32,2891
7,10.44,2349
8,33.73,2194
8,28.69,256
4,26.62,630
2,10.35,2711
8,38.79,361
6,3.25,2164
1,33.53,2279
3,8.43,1395
7,15.69,1205
4,17.12,2344
9,26.51,338
3,21.87,2539
6,7.44,340
7,1.2,1536
6,28.69,1888
1,20.2,397
1,14.47,1644
10,11.38,2081
4,32.92,2379
3,31.82,2612
5,33.04,737
5,8.76,1492
3,34.08,2319
9,39.42,502
4,23.97,2628
6,1.89,2226
9,28.09,1393
2,21.52,2534
3,28.48,367
6,7.53,414
5,24.23,1339
8,21.57,343
10,24.1,2577
5,29.11,2483
4,21.77,2087
1,12.87,668
8,12.36,2943
10,27.8,2212
10,26.55,1527
2,16.88,1716
2,14.14,1943
7,24.81,2817
5,12.49,1167
5,38.53,2134
5,23.86,2396
7,23.68,2823
9,5.45,2716
10,24.39,334
8,11.8,1019
4,18.07,218
10,21.53,1092
2,19.12,2845
6,32.38,2933
1,3.98,2797
7,6.69,340
3,6.28,2209
6,32.67,1523
4,4.73,605
5,38.86,699
2,38.77,234
2,39.67,1962
2,39.19,855
5,5.96,1652
3,26.3,855
7,15.99,2605
6,29.27,223
5,16.24,633
4,15.33,2462
7,36.16,563
4,19.78,2714
7,29.59,1024
3,26,2483
1,26.31,1346
4,13.96,767
5,10.1,797
7,35.42,2712
2,0.98,803
10,6.92,1556
2,5.31,1471
9,37.98,1560
1,0.2,2320
1,0.32,943
2,9.07,1929
6,11.16,433
3,22.39,1411
4,38.45,1500
5,18.6,2666
1,11.55,2200
2,32.68,622
2,15.43,2272
3,5.67,1651
3,31.78,1410
8,0.1,1966
8,8.2,2602
6,25.41,2359
6,4.1,2102
9,10.23,840
6,15.73,1641
7,15.86,776
3,38.91,225
5,27.02,729
7,1.48,1131
4,8.85,1989
2,24.66,1139
6,28.54,1775
2,15.22,2837
1,34.26,2065
9,37.74,1510
1,24.56,1665
9,22.5,2411
8,30.03,534
2,31.28,2661
9,8.62,1783
10,19.34,789
7,17.9,2870
9,37.66,1566
9,4.47,2530
7,37.74,2611
2,22.9,2501
2,11.52,1670
7,34.77,1121
1,2.02,370
10,12.76,402
5,30.1,2733
4,33.11,1864
10,6.7,479
2,37.67,603
5,2.15,1231
8,17.34,997
6,3.9,1605
9,3.91,2265
7,36.56,2068
7,36.16,1345
9,24.61,1349
6,38.65,2102
4,19.64,1963
6,31.31,794
5,3.89,1620
6,15.82,688
5,20.6,2679
6,31.13,2435
4,13.38,1377
4,39.21,323
2,29.39,2128
9,21.32,806
4,13.23,321
5,25.68,1294
4,26.92,1104
2,27.17,2351
7,23.45,2913
5,16.02,872
2,32.67,1384
1,10.33,1088
1,25.02,1915
8,18.87,1903
6,35.71,1277
9,23.62,2699
3,34.23,2998
10,38.13,2089
2,5.08,760
7,22.21,2095
10,35.36,2893
7,34.88,1356
10,7.84,1178
2,19.25,345
3,8.92,1354
10,35.87,2761
2,0.13,1288
4,8.74,2026
3,16.36,1035
5,8.85,527
7,38.94,2675
1,9.76,2581
6,14.49,1521
1,6.96,825
3,37.07,2644
5,16.45,733
7,10.47,256
5,9.84,893
10,23.42,2703
7,39.11,317
10,38.97,1819
2,39.27,2803
3,15.47,764
2,36.58,695
8,17.78,2085
5,20.42,1000
10,20.8,1735
4,2.54,840
2,7.08,362
8,35.44,450
9,35.85,843
1,8.08,528
7,12.11,2365
8,33.19,568
3,8.17,2995
2,35.23,1338
3,32.93,394
1,32.3,2853
4,35.67,923
5,35.48,1862
5,36.69,337
3,35.18,1883
10,24.28,1519
4,6.31,355
5,24.37,1258
4,37.69,718
8,38.71,381
4,29.14,2216
6,27.75,369
1,37.54,2744
5,11.65,1517
4,6.04,1946
3,11.6,1587
9,37.96,2960
6,8.49,1560
6,8.99,2249
10,7.72,622
4,19.39,2721
10,31.86,345
10,15.27,2573
9,4,787
8,29.61,429
4,24.39,2141
2,19.17,2069
5,38.56,1492
10,18.82,784
1,29.3,2865
7,6.34,2983
1,16.66,1441
9,8.49,1152
9,13.93,1584
3,19.19,2928
8,6.98,1588
5,32.12,305
10,15.04,1856
1,35.86,2021
7,26.99,484
9,7.06,795
9,25.68,725
8,0.93,1076
7,32.3,2427
7,38.97,1262
8,27.11,2759
9,37.06,1406
5,11.79,751
4,16.94,1888
4,16.98,963
8,4.48,2988
7,31.86,1216
10,19.8,2720
8,19.62,665
5,26.74,2153
8,6.84,1535
6,32.41,501
1,14.63,895
7,3.19,2965
3,7.61,658
3,10.11,2146
7,7.12,2337
5,9.69,2363
6,39.83,2922
6,21.51,2647
9,24.12,1723
1,6.64,1883
4,1.76,2006
2,12.41,309
5,30.79,2447
2,22.35,991
2,0.43,2839
7,31.55,1186
3,4.16,1443
3,17.62,272
4,39.98,1077
7,4.85,2964
2,32.6,2682
10,31.97,1895
3,17.8,791
5,39.53,314
5,12.32,224
9,12.63,2424
8,6.1,1502
10,14.79,2540
3,11.86,1443
6,24.18,1226
3,1.63,514
9,12.41,1630
5,0.19,1768
2,0.25,2941
6,32.81,2798
7,29.99,2310
1,29.77,1312
2,14.15,302
1,27.97,2076
10,10.26,1922
8,12.38,358
6,22.5,2808
4,27.98,933
6,10.63,558
3,27.17,2228
5,38.5,2947
3,19.75,964
3,16.28,2737
10,9.3,391
2,14.25,443
4,21.15,1133
4,37.76,782
3,10.43,1300
1,9.26,932
10,38.42,1999
3,24.23,980
8,29.41,993
5,33.19,1202
2,3.27,2980
7,19.39,290
8,5.6,2815
1,24.97,2635
6,38.15,1841
6,2.25,2127
8,10.96,635
3,39.99,2028
7,0.22,2116
9,5.58,246
9,3.23,1169
1,30.56,2554
3,30.04,313
4,31.1,1281
4,30.99,243
2,33.41,2601
7,30.92,2002
7,19.34,1235
6,29.82,593
10,23.9,2964
1,14.66,1789
9,33.46,959
1,31.52,1637
4,6.94,2134
4,0.98,1725
8,12.64,1871
2,16.15,429
7,6.97,555
5,34.21,2671
1,1.34,699
4,19.34,1996
10,2.22,1703
6,21.47,219
9,18.55,414
2,31.21,943
10,27.59,2741
2,33.76,2365
8,21.77,2808
5,32.9,1854
4,28.77,1673
6,31.18,1882
10,24.03,462
2,28.78,2176
7,16.07,535
8,3.4,721
7,16.66,1356
6,6.94,1216
10,25.18,2451
8,10.53,1183
10,38.33,1759
4,10.85,2902
3,3.93,2463
8,35.22,433
7,16.58,1790
6,14.23,601
5,35.42,1906
4,26.14,2732
3,21.29,589
5,13.09,372
9,11.7,706
4,23.18,2391
6,20.06,446
2,11.04,2788
8,7.36,2567
10,32.72,884
6,27.51,2481
8,39.73,761
5,20.63,2745
10,39.78,2914
1,18.43,2859
7,21.4,1642
9,8.36,2839
4,5.98,2788
6,37.61,261
9,39.25,1294
2,21.9,2118
8,10.89,2025
8,38.06,1143
6,31.87,2892
3,7.19,316
3,11.93,2757
1,0.17,1743
7,23.28,1423
10,21.06,2802
2,6.56,1188
9,13.57,1915
3,37.57,2797
1,25.96,2584
1,34.52,383
6,33.53,1653
2,36.83,2527
5,1.66,1936
10,10.5,2186
7,16.62,1523
4,25.6,715
6,24.33,2237
10,9.84,318
4,7.71,991
4,17.5,2681
2,10.02,2210
2,38.6,1625
9,38.62,867
1,4.53,1636
10,28.2,2576
6,9.13,302
8,28.7,1070
6,30.68,1564
9,1.93,2164
7,27.81,2126
1,35.87,1268
8,8.65,2592
3,4.62,2657
7,22.67,1805
2,20.7,248
4,35.43,318
3,18.04,1051
6,16.54,1625
6,28.56,667
2,3.1,1753
9,2.28,246
10,20.2,200
3,3.56,360
3,37.57,1518
5,26.17,823
7,30.15,222
1,9.15,1493
7,19.76,2723
10,5.35,2204
6,8.12,2163
6,22.73,1516
6,11.2,1811
5,36.69,698
6,39.81,1900
10,0.16,686
2,30.36,578
1,4.61,974
10,22.98,1844
1,9.14,1088
10,38.59,891
6,35.03,2759
2,23.82,213
3,7.04,2491
7,31.31,2046
4,20.81,2461
2,24.46,2296
3,28.72,1304
9,16.65,1770
10,0.31,1077
9,14.57,380
3,16.55,871
2,14.68,1069
10,33.24,416
4,13.29,1489
6,16.65,824
10,2.46,2437
10,28.67,2249
2,8.62,1798
2,9.4,659
3,23.47,831
8,39.34,956
10,16.41,330
7,13.09,729
10,1.45,1454
3,31.49,2033
1,10.45,431
9,30.75,2663
6,11.29,1347
8,1.2,761
4,19.93,376
4,36.24,1295
4,8.42,2372
2,6.16,2630
4,7.39,2432
6,27.61,283
9,14.7,864
4,10.24,2957
10,13.51,2979
10,12.36,1246
2,21.75,1183
6,5.33,1105
9,20.35,2897
8,12.47,2137
3,37.31,1930
9,16.87,1320
3,4,1809
1,37.34,738
3,37.5,2410
7,7.02,2309
10,32.66,601
6,34.48,462
5,14.22,398
2,6.38,1437
7,31.94,1731
3,1.13,226
4,24.78,1204
6,13.68,1171
7,23.84,1418
2,31.55,1662
10,33.15,2570
6,39.94,544
2,25.61,1833
1,8.94,1425
1,11.04,959
2,17.45,1571
7,33.94,2258
6,14.67,634
7,27.53,1039
8,1.8,2395
3,17.2,2117
8,6.68,2516
1,37.54,2962
10,31.66,435
9,5.55,842
3,16.07,1110
1,3.22,2499
7,29.86,2815
7,7.65,1091
7,32.17,960
10,2.96,1425
8,22.92,2496
9,24.33,1013
7,13.37,2620
5,6.57,375
3,12.95,1448
6,19.82,1064
5,38.76,1886
9,17.88,2686
10,7.58,1534
9,1.04,2301
6,0.33,2568
3,16.67,1442
6,11.85,1127
2,4.6,1692
3,6.89,2995
9,14,603
7,27.47,546
9,24.38,2923
9,3.2,688
3,5.72,2606
2,36.34,1280
9,2.84,1310
5,7.95,2625
1,12.72,1130
4,9.2,2326
4,11.63,1586
9,29.11,1169
5,3.8,507
7,14.09,2134
10,24.47,1176
10,1.95,890
3,1.77,2470
4,19.94,2903
9,35.99,363
10,17.79,1518
9,16.27,850
3,0.41,2209
4,29.31,2559
6,6.56,2417
1,27.94,2294
1,13.94,205
10,1.8,1770
1,13.12,1103
6,26.38,1401
9,30.73,1346
3,25.42,956
6,28.44,1111
3,9.44,2768
3,38.61,1042
4,9.08,2051
9,6.8,762
5,9.99,2037
1,38.88,2574
5,2.6,2131
4,30.94,2991
3,4.21,1228
10,30.93,242
1,11.08,1789
1,29.06,2378
9,1.96,1438
2,13.38,1107
8,18.58,776
8,0.83,459
8,7.23,2683
2,6.75,2630
9,19.26,2957
2,5.33,1641
8,39.09,1698
4,35.48,1332
6,8.97,727
3,9.37,2962
2,37.9,1877
9,11.98,1069
9,16.93,2231
5,28.06,785
6,13.76,1788
10,36.1,1341
1,23.56,774
8,22.69,340
10,22.17,2472
5,4.48,1406
8,31.62,2408
6,22.88,1285
5,2.14,596
8,34.01,2064
6,29.18,1620
7,11.56,2263
10,11.44,2476
10,20.19,637
1,0.29,2661
6,32.38,2856
2,37.68,2055
7,17.86,851
4,21.46,2377
8,32.39,854
7,11.1,1048
6,19.67,2939
3,4.44,1386
8,28.08,677
9,31.71,1858
10,2.68,1261
6,35.3,1175
9,14.98,1987
1,36.89,718
5,36.01,1391
4,31.64,264
4,33.21,2699
9,11.57,1052
10,14.69,369
1,9.6,937