CountryID,Year,GDP per Capita,Sanitation Coverage,Healthcare Access Index
1,2015,57057,63.23,96.92
2,2017,17220,29.12,84.73
3,2022,86022,93.56,58.37
4,2016,31166,94.25,39.07
1,2005,25661,69.23,23.03
5,2013,84334,51.11,53.45
6,2022,6726,68.6,34.56
1,2024,76593,70.22,7.27
3,2014,5470,69.77,47.62
4,2013,72858,78.67,57.11
2,2023,51303,25.37,61.13
3,2021,50972,28.2,7.38
3,2002,35058,42.62,48.31
6,2023,68917,47.98,65.59
7,2022,50606,71.04,96.11
4,2018,6043,33.75,2.5
8,2024,7630,63.28,67.63
3,2011,51718,34.83,6.23
7,2001,14634,48.44,15.88
8,2002,80375,94.84,17.33
4,2017,31686,91.66,32.89
9,2000,27313,96.25,83.13
5,2019,55052,67.31,85.62
7,2020,41522,60.1,37.5
10,2005,75241,87.91,43.13
9,2004,6633,26.37,21.7
5,2000,51641,98.28,43.25
6,2018,59746,56.99,27.48
1,2000,84224,74.06,17.49
2,2020,69361,78.28,15.85
10,2020,6473,70.31,77.56
6,2015,55543,91.32,11.69
4,2011,72246,43.05,61.6
6,2021,17761,62.58,16.75
1,2007,82551,54.42,83.78
4,2015,38435,76.33,27.45
10,2000,81950,51.61,4.49
1,2003,93264,91.43,45.21
8,2009,1492,59.23,99.98
2,2010,39040,62.88,81.31
10,2016,89818,59.47,57.03
8,2024,26835,69.81,18.94
5,2022,68632,60.83,11.75
10,2006,93711,94.99,83.86
5,2011,3449,30.49,78.77
4,2020,22225,21.07,46.22
8,2006,30571,61.74,42.14
2,2011,25977,81.17,74.87
1,2014,53136,71.86,53.6
3,2001,71626,97.02,40.42
6,2013,40505,34.58,25.17
9,2012,78665,75.52,12.26
2,2003,66101,85.27,59.48
8,2013,13394,92.97,82.6
3,2013,69800,62.28,74.62
2,2015,19677,49.05,69.63
8,2006,5977,96.43,92.89
7,2018,78681,83.32,39.45
7,2001,67451,57.67,13.72
5,2009,63149,72.09,10.19
2,2017,38692,42.29,95.5
7,2016,6707,69.19,58.9
8,2004,8869,63.2,81.08
5,2011,82654,23.14,53.56
8,2005,66797,89.26,39.85
5,2021,87826,59.22,20.03
2,2008,1782,58.38,85.64
3,2019,81862,42.67,6.35
1,2000,18147,35.71,90.02
10,2021,94186,43.31,20.5
3,2014,88123,72,0.95
4,2020,36881,27.81,10.39
8,2005,37714,46.63,88.35
4,2018,89529,98.3,7.37
3,2017,69419,41.72,35.52
5,2005,85429,97.33,25.03
10,2012,51274,28.38,3.69
10,2000,27954,83.52,53.15
9,2022,529,55.18,99.83
10,2022,49960,35.59,85.3
1,2012,75737,82.99,16.89
10,2006,84513,20.56,88.43
3,2014,53082,47.77,45.18
9,2011,83194,68.39,27.33
3,2000,84018,38.48,64.03
3,2014,75682,46.6,21.67
6,2003,35871,27.32,87.97
9,2012,2980,88.26,62.42
3,2022,9538,53.77,13.6
6,2024,25282,31.62,57.06
6,2004,63944,35.93,51.04
9,2001,60337,42.01,47.15
4,2022,85550,38.36,36.5
5,2000,9921,60.26,47.42
1,2015,49598,92.42,58.6
5,2022,88894,34.71,73.36
10,2005,87111,56.28,91.79
1,2022,23552,73.11,4.44
10,2015,68832,34.7,56.93
3,2013,34395,32.32,75.2
8,2002,72538,32.43,11.56
9,2014,46110,90.56,91.15
1,2002,1787,76.9,24.5
1,2022,87270,46.91,83.33
3,2001,25624,92.2,66.2
4,2000,20829,96.28,55.95
6,2008,37197,51.86,86.92
3,2008,59117,60.84,96.92
7,2022,63083,48.65,99.71
6,2006,25882,38.2,68.33
9,2002,67963,82.4,33.91
6,2017,93745,71.93,87.47
4,2010,30405,49.35,65.43
6,2006,90394,21.15,32.33
9,2008,20865,81.09,93.24
4,2000,18629,58.19,74.77
5,2013,29484,25.85,45.28
1,2019,46858,29.96,45.45
1,2005,78711,70.27,99.59
10,2006,24990,63.71,37.37
5,2009,55934,39.24,9.41
5,2006,6471,31.19,53.86
6,2001,18950,90.78,88.49
1,2003,15156,30.79,58.45
9,2020,41554,26.85,79.31
2,2016,98933,69.6,5.49
2,2000,7772,40.2,67.34
4,2009,40356,72.53,7.92
1,2018,69304,59.13,55.64
1,2014,27029,36.9,49.78
2,2009,34254,25.57,94.56
1,2018,36378,25.65,13.25
6,2011,20456,66.87,0.95
7,2023,58660,80.66,13.74
8,2015,24182,75.17,17.07
5,2008,96909,67.43,25.09
10,2014,35868,36.87,81.51
4,2016,48948,88.94,37.69
7,2013,35437,70.31,84.08
2,2017,18663,75.54,27.19
5,2001,17640,37.91,86.05
1,2003,34435,40.92,0.81
10,2017,24237,92.6,93.45
1,2006,35862,58.09,74.6
9,2012,87750,64.31,41.27
9,2014,3604,28.86,57.73
10,2024,33673,51.57,93.3
10,2022,2911,90.96,58.26
2,2021,28103,92.01,22.86
10,2000,98483,78.41,57.29
6,2010,61931,63.65,87.14
1,2009,90774,94.47,98.74
7,2024,77039,89.75,58.41
3,2004,13338,87.71,15.56
10,2015,74358,90.54,77.18
4,2010,85587,56.26,99.69
9,2020,52352,62.04,47.36
6,2005,76545,53.92,38.37
5,2008,44411,79.21,55.25
3,2012,57186,67.35,16.48
7,2023,38150,25.58,97.13
3,2007,93024,30.93,83.83
10,2013,35201,35.39,11.3
2,2023,85925,73.64,94.51
9,2000,69015,28.78,94.28
9,2016,67382,63.27,31.64
5,2023,78028,87.27,61.91
2,2004,68672,95.8,11.08
1,2024,31427,54.26,8.42
8,2001,64335,62.67,50.18
6,2024,25120,86.52,4.97
9,2023,846,94.86,87.49
4,2008,46269,51.19,92.81
9,2003,20677,48.24,6.73
3,2016,16699,56.07,4.73
9,2016,13434,40.3,22.14
9,2020,64521,88.77,93
8,2017,29529,45.46,76.9
8,2015,71036,55.96,67.65
7,2007,41519,45.6,77.63
1,2010,19229,29.51,19.95
4,2020,81819,68.53,25.66
9,2020,69802,67.01,31.76
9,2017,99251,43.59,60.51
6,2022,31832,22.51,60.82
8,2023,35683,94.94,20.86
4,2009,46109,48.44,43.67
5,2012,38416,63.1,69
7,2016,3535,31.5,30.96
1,2017,68360,40.09,7.55
2,2009,89172,54.82,19.74
1,2015,97458,64.98,16.47
3,2019,30574,88.32,63.19
9,2004,87346,43.23,6.85
7,2012,61901,89.74,88.47
3,2017,25113,56.68,8.44
4,2016,59074,54.61,59.79
2,2008,6325,51.71,92.95
8,2013,41087,90.89,6.24
7,2016,41748,40.08,38.31
7,2003,89538,88.59,32.79
9,2017,88032,27.13,34.42
10,2019,41204,96.43,60.03
7,2023,63188,60.24,26.21
6,2023,14863,99.91,2.73
2,2014,13489,68.63,96.23
2,2010,48360,29.41,74.88
6,2011,60225,24.87,13.51
5,2008,38760,35.47,45.52
6,2012,14638,53.69,6.27
6,2014,39972,79.78,2.79
2,2014,89888,20.06,4.75
1,2004,99007,40.59,75.58
2,2022,97657,67.01,44.49
10,2018,22118,43.83,84.44
9,2019,91655,48.56,30.52
3,2024,46563,44.06,77.53
1,2013,18504,96.25,7.79
8,2016,52095,25.27,63.51
3,2017,20720,92.6,36.06
9,2020,53383,45.86,27.67
10,2002,29524,39.72,81.51
10,2001,18021,90.66,5.19
8,2000,11253,42.97,94.95
1,2009,74773,99,78.55
5,2018,45837,63.85,35.56
6,2016,91284,58.11,99.13
1,2011,31825,98.12,20.25
5,2000,25835,38.14,40.24
10,2011,10036,92.72,88.49
2,2016,31585,67.32,99.68
9,2023,33787,80.4,23.91
8,2002,8500,66.56,74.31
9,2010,86625,69.49,30.57
4,2016,81277,32.39,76.65
4,2022,28691,32.13,12.53
1,2002,98342,51.77,33.62
10,2007,95660,47.71,7.5
10,2019,13467,76.96,49.19
6,2003,45074,77.82,70.15
6,2020,13746,65.1,37.86
6,2021,72503,52.16,61.47
2,2006,14847,74.14,56.91
3,2013,67858,74.99,29.46
7,2013,84444,84.73,48.68
3,2003,15882,84.94,6.9
9,2015,67220,25.57,45.99
3,2023,80635,49.92,45.82
2,2021,82799,53.59,2.87
9,2000,98532,87.75,51.39
3,2016,80796,60.14,73.77
2,2024,9307,59.1,45.23
7,2009,33703,64.3,64.6
3,2021,38285,30.18,53.24
2,2015,52801,65.22,78.52
6,2015,67583,64.12,51.45
10,2007,54542,80.35,33.16
6,2006,26210,70.73,82.76
10,2005,64978,96.4,6.76
8,2015,41911,26.41,28.95
8,2019,16273,81.73,59.15
8,2015,70391,80.12,85.6
7,2006,81193,41.55,7.21
6,2008,16210,75.88,9.61
10,2013,56503,72.75,28.24
2,2010,32071,43.9,34.46
9,2013,95915,77.9,84.35
2,2006,88738,94.45,95.89
9,2000,1211,44.42,1.72
4,2024,45149,98.41,1.54
2,2012,22389,37.94,86.48
3,2019,31804,30.77,13.56
3,2002,7939,26.16,33.93
1,2019,94409,37.09,27.52
6,2003,93311,47.4,28.19
9,2010,41626,78.65,32.86
9,2001,39554,25.76,33.6
6,2013,5088,60.58,62.02
7,2011,84539,61.5,62.88
1,2016,8011,38.24,52.29
7,2011,60390,23.64,85.85
7,2011,23174,38.01,84.57
7,2000,57320,38.43,21.72
6,2012,99912,75.04,54.36
7,2013,51492,38.7,78.38
3,2023,77166,47.22,86.69
8,2001,19738,23.79,25.52
4,2011,64833,69.92,49.41
9,2020,85634,57.93,52.5
9,2015,58734,47.6,69.96
4,2003,42794,76.23,33.03
6,2007,85860,74.57,29.35
2,2001,71862,46.23,70.56
6,2009,34987,76.75,39.93
9,2008,68896,47.86,0.4
9,2022,42430,37.76,93.78
4,2014,44972,77.59,14.96
7,2012,66102,78.24,14.86
6,2022,24785,89.26,81.84
10,2016,20729,60.08,33.55
4,2015,25913,38.59,32.82
3,2001,17810,86.95,62.24
9,2019,69641,33.97,5.9
4,2019,77613,95.09,23.7
6,2013,25017,44.53,5.33
9,2002,79275,21.5,29.15
2,2022,99937,34.94,86.99
4,2011,21886,53.18,90.93
1,2007,27465,24.42,30.94
9,2001,17711,52.76,18.76
6,2003,63142,36.23,13.53
8,2013,76954,21.52,39.44
10,2015,60025,43.92,82.64
5,2018,56670,38.1,85.27
7,2001,71127,53.58,4.59
5,2011,58441,80.72,20.92
6,2013,98812,60.78,20.32
3,2005,65952,81.45,82.84
3,2012,50965,46.93,45.63
8,2003,13763,21.05,36.84
7,2021,67014,93.77,95.66
1,2017,63611,45.18,92.54
8,2011,20607,62.15,44.01
5,2019,84510,57.54,12.83
8,2021,11868,66.65,17.1
5,2020,92459,90.8,11.21
9,2018,85522,89.38,68.05
3,2007,20637,98.48,55.47
9,2006,7430,62.27,55.66
10,2015,35056,93.8,9.84
7,2018,83662,58.6,79.33
1,2005,10699,23.55,53.56
5,2019,41572,31.7,9.1
1,2020,48335,46.72,74.71
5,2010,37034,78.04,98.13
6,2004,52983,26.51,44.12
8,2015,6655,48.92,11.57
10,2006,12234,98.59,10.14
3,2004,67399,82.85,2.59
5,2010,11611,65.76,77.04
1,2014,94607,24.94,69.4
10,2002,43753,21.17,58.42
2,2004,48877,28.42,76.56
2,2022,39920,46.17,99.93
9,2020,12651,68.51,40.18
3,2004,16751,35.8,70.58
6,2008,71668,24.09,37.72
1,2014,3932,27.27,35.21
8,2002,16574,54.14,85.09
8,2005,96799,81.85,57.48
1,2016,38706,85.69,12.06
7,2020,15442,43.28,40.35
6,2007,81689,73.08,79.66
10,2020,23536,51.42,94
5,2024,6393,97.8,61.44
7,2010,18233,52.4,39.42
5,2005,95984,51.67,25.2
5,2007,66343,60.13,42.2
7,2009,10038,22.04,56.57
9,2023,14419,53.43,0.44
2,2002,91478,86.3,26.87
5,2022,56707,68.97,67.15
7,2013,8309,97.55,67.32
7,2022,64023,46.05,65.3
4,2013,46266,32.92,94.99
9,2009,30486,80.05,56.85
3,2011,24593,23.49,26.97
4,2005,32160,32.76,81.16
4,2011,41377,60.56,38.94
1,2022,42972,80.28,23.93
2,2013,81332,68.08,55.67
7,2001,2783,99.59,28.9
2,2008,31580,72.4,39.62
6,2009,25018,78,69.32
1,2016,20662,99.51,99.59
3,2016,25943,67.4,64.47
2,2002,1882,77.17,27.65
8,2018,86034,43.87,9.05
5,2000,93474,62.94,36.2
6,2011,89515,92.96,1.93
9,2006,75211,88.27,46.48
3,2003,60249,44.5,66
6,2009,25193,48.58,51.18
5,2012,35794,87.71,86.53
1,2001,48280,42.77,49.41
5,2009,60004,91.01,46.24
4,2020,91830,81.9,30.97
5,2021,90239,32.19,83.76
4,2024,83463,77.58,90.36
1,2003,32529,86.75,97.79
10,2017,84925,31.55,98.12
4,2004,45274,56.59,98.04
9,2018,77747,89.01,71.2
5,2001,24642,35.89,56.27
5,2011,69192,55.93,17.23
9,2016,82995,69.02,76.71
8,2009,28421,27.78,73.49
7,2001,11539,36.96,84.24
10,2005,99206,57.34,46.25
3,2007,74480,49.89,89.24
4,2018,2129,45.98,71.87
9,2010,24852,22.11,17.11
1,2024,48992,94.23,20.69
4,2011,21707,89.71,81.43
7,2008,12023,51.41,42.57
1,2001,30629,34.51,24.9
6,2007,70079,25.52,42.26
5,2010,35927,29.86,16.14
6,2020,71277,68.16,89.17
4,2003,16503,78.71,7.15
7,2009,47096,32.51,35.32
10,2020,4316,29.02,55.69
4,2019,19610,75.29,87.36
9,2015,66604,61.36,78.15
2,2007,46098,49.75,2.24
4,2003,62458,78,82.52
5,2009,63999,56.45,63.81
5,2011,4605,57.21,13.33
4,2013,70090,21.26,61.75
1,2015,93298,45.28,81.79
2,2021,90297,20.4,60.21
9,2017,20882,93.91,99.91
4,2020,98940,43.52,50.7
1,2021,21670,34.44,67.31
5,2020,30795,27.27,7.04
5,2011,92035,23.73,81.32
7,2017,97198,90.88,62.41
4,2006,51117,33.48,56.12
2,2019,38039,69.4,70.88
8,2023,18420,72.1,56.05
2,2022,35592,45.4,76.65
5,2006,42839,86.66,58.35
5,2008,75160,37.12,52.01
6,2000,12537,25.72,13.5
5,2005,73296,25.48,47.18
9,2005,40052,44.03,53.82
3,2021,14946,57.06,62.46
4,2011,75295,70.35,45.59
2,2021,28014,78.3,14.66
3,2011,82630,34.3,15.04
1,2009,11082,74.71,72.1
8,2022,57178,34.6,66.14
9,2005,48958,99.78,25.95
2,2016,93418,96.73,44.59
3,2018,90843,28.19,30.7
8,2017,17687,72.41,18.1
6,2005,59037,92.26,32.62
9,2023,61319,26.46,26.27
9,2018,84987,29.92,8.24
6,2009,19031,47.76,50.45
4,2023,39664,27.66,45.09
6,2007,60199,90.85,71.46
9,2020,81165,90.04,62.03
9,2023,77078,95.9,34.34
3,2005,67759,36.4,49.63
5,2020,50798,23.63,53.61
8,2024,81631,55.57,91.75
6,2006,88784,90.44,98.17
8,2023,91443,71.08,81.55
6,2000,28837,99.87,56.21
1,2017,74630,92.45,92.81
9,2023,88734,51.42,17.81
5,2024,38863,23.16,69.65
3,2019,75845,20.41,46.05
5,2011,94721,71.54,14.47
5,2015,49630,93.26,7.52
5,2009,769,55.54,48.07
8,2009,79401,89.94,23.9
6,2013,57232,65.34,25.05
10,2024,83574,27.84,32.02
1,2019,56667,83.87,71.84
2,2009,96504,59.41,16.41
5,2009,24784,24.09,71.76
4,2024,33244,85.17,78.27
8,2010,22520,80.61,59.45
3,2022,7272,56.58,24.76
2,2001,52403,21.56,5.15
10,2024,39326,47.75,40.79
4,2019,70558,54.8,84.74
10,2007,2663,33.23,10.19
2,2022,51935,32.87,74.48
5,2006,55808,33.36,46.79
4,2007,81613,49.65,89.88
10,2000,4663,85.4,35.62
3,2020,44250,80.75,70.47
6,2001,15672,20.81,74.01
9,2017,37754,20.77,19.87
6,2014,59995,26.22,15.81
2,2000,80331,57.33,9.27
8,2004,79773,91.11,70.16
9,2001,11353,34.58,54.82
1,2019,58616,58.14,8.67
3,2002,43426,23.26,30.83
1,2018,92963,21.63,14.23
4,2017,84846,20.6,9.27
9,2021,16597,78.93,29.88
1,2017,65359,21.91,9.63
1,2013,52898,41.91,26.02
10,2023,87931,71.6,55.27
6,2007,37451,69.49,56.09
10,2011,27753,24.41,16.8
9,2020,80000,40.53,19.1
9,2009,78948,71.15,85.5
2,2022,63874,51.38,16.69
10,2019,41446,57.27,4.57
7,2016,77152,36.57,24.48
6,2010,37160,23.02,57.64
9,2001,52431,47.62,0.72
2,2003,72635,74.64,98.5
10,2000,9146,81.32,23.04
6,2014,53286,67.4,23.81
10,2012,23538,51.46,73.86
1,2007,20130,66.65,24.82
2,2024,79258,76.4,39.62
6,2003,4804,80.42,54.39
5,2009,57448,27.56,2.19
4,2018,98725,84.24,83.73
4,2017,22507,25.08,51.21
6,2004,54991,89.64,31.29
10,2018,15130,51.38,39.98
2,2022,34989,63.75,5.58
4,2021,84446,43.2,71.8
2,2015,56301,54.13,53.95
4,2000,47568,87.62,91.4
1,2011,18034,43.66,46.42
10,2023,53864,65.13,82.84
1,2001,34697,71.77,18.83
4,2020,66684,31.71,5.65
5,2024,57587,82.23,94.84
5,2007,33623,99.93,25.7
1,2017,3323,32.4,83.36
5,2024,8657,81.43,25.73
4,2015,16081,31.77,15.58
6,2004,28461,96.02,73.25
1,2021,38537,52.88,77.84
8,2012,23263,98.39,84.36
10,2018,69970,25.43,86.49
5,2002,59035,83.28,48.31
5,2007,22498,57.87,40.02
9,2011,7585,43.16,75.1
7,2001,62008,79.83,56.94
1,2010,47300,70.83,96.53
3,2011,82686,92.23,37.58
5,2017,73353,39.9,4.29
10,2012,95522,95.18,58.93
8,2004,18764,71.35,35.35
5,2021,83968,56.03,34.27
8,2011,33649,24.25,56.45
4,2001,34903,81.21,92.18
4,2004,62313,88.67,26.7
7,2006,58528,84.77,37.96
6,2023,10976,78.85,89.12
3,2011,45118,97.55,89.52
9,2015,60216,87.93,23.46
7,2022,65900,94.23,70.63
2,2007,7917,78.44,41.56
9,2008,68673,85.62,93.6
1,2014,48393,43.13,73.22
10,2004,6070,73.51,49.44
2,2012,87269,36.44,81.74
2,2004,39318,25.54,99.79
7,2010,26521,66.34,44.7
6,2009,22829,82.63,37.35
7,2019,33179,26.62,60.7
1,2012,63179,34.5,68.31
5,2008,49672,27.44,70.44
5,2020,78628,70.73,47.36
6,2013,94036,26.36,33.23
1,2017,13391,27.46,82.19
6,2014,99813,41.13,95.83
8,2009,46000,41.62,86.4
5,2023,8279,64.6,68.24
2,2006,47869,22.57,36.02
3,2007,40408,69.23,62.25
10,2002,54939,52.94,10.12
1,2014,58925,34.3,53.39
9,2015,19532,72.27,78.12
6,2003,63648,46.37,25.11
10,2020,73860,86.2,50.15
9,2005,15468,99.15,7.33
10,2000,54504,82.32,83.85
3,2003,45879,79.44,35.02
9,2010,49512,48.41,58.22
7,2011,30257,62.77,37.85
4,2004,47692,24.21,59.76
7,2022,81053,78.19,74.42
5,2020,28832,74,32.68
4,2015,63039,41.55,51.93
7,2012,52104,62.73,79.49
4,2012,7008,74.35,68.79
4,2016,61838,49.43,5.71
2,2006,45427,78.05,56.88
6,2007,12433,83.74,37.63
6,2012,12605,37.88,70.88
2,2022,45256,44.1,1.67
10,2015,25460,52.13,33.06
8,2003,53756,38.85,8.65
10,2007,44022,82.05,92.05
9,2015,8036,65.75,87.65
9,2020,23336,50.41,96.81
4,2009,2717,21.28,64.35
7,2024,82566,46.07,80.7
7,2011,28665,86.92,61.19
6,2011,84346,79.48,49.2
1,2004,69790,25.39,83.38
10,2015,41539,84.12,77.62
5,2000,29975,34.32,73.33
3,2008,72631,98.96,89.39
7,2011,94149,89.48,92.87
3,2004,17861,93.06,44.53
4,2021,14366,81.56,28.28
3,2019,19688,76.86,51.18
5,2021,57231,39.55,9.31
2,2023,59429,66.91,93.82
5,2002,4890,75.71,98.39
3,2004,75381,43.05,65.27
5,2001,6512,51.86,74.62
8,2013,71919,95.76,32.37
4,2001,54936,52.64,86.63
10,2012,28006,45.23,90.03
2,2006,85998,28.58,7.69
7,2009,21048,47.31,13.14
9,2012,5151,68.97,26.09
10,2015,68992,31.82,70.37
9,2013,29671,68.42,18.34
4,2010,49525,79.3,22.01
2,2009,94028,81.46,38.19
6,2005,91512,98.78,61.16
7,2003,66695,54.76,97.63
8,2020,8305,22.59,78.39
6,2000,66796,88.38,55.83
4,2006,96809,26.68,4.94
10,2023,34226,88.93,51.68
8,2008,94103,98.62,20.41
5,2007,43218,92.55,30.01
3,2004,39108,97.12,25.09
8,2018,4908,21.87,34.74
4,2009,67891,20.91,6.23
1,2010,93821,36.82,57.68
3,2024,82774,83.9,4.58
9,2014,71657,27.15,66.06
7,2005,62553,79.72,73.08
9,2014,53846,21,48.61
8,2004,93050,78.49,78.13
9,2018,69198,40.01,96.74
4,2021,86300,55.24,34.01
5,2018,74431,98.12,61.89
10,2009,53617,64.14,32.37
7,2011,59617,25.97,44.34
9,2021,66644,89.85,2.08
9,2003,27756,45.89,7.43
8,2017,8576,66.83,79.75
10,2015,34408,76.94,13.99
6,2007,12853,82.2,69.92
9,2003,92790,54.6,70.89
4,2024,70910,81.85,99.62
1,2022,71032,29.35,69.56
7,2011,87343,62.05,12.87
9,2001,46965,21.75,62.65
4,2003,8673,52.5,52.41
4,2004,39503,49.18,91.74
7,2002,5696,98.25,69.02
6,2008,8417,51.83,51.85
4,2020,48879,92.57,62.42
1,2017,66774,54.82,44.35
4,2010,80219,62.67,50.84
4,2002,89907,48.06,72.23
4,2024,11392,71.2,7.83
5,2022,64041,79.13,61.53
5,2001,36991,83.28,8.82
6,2008,1157,75.52,85.51
9,2013,89732,46.4,94.25
4,2003,85146,46.45,78.02
10,2008,75337,47.83,71.8
9,2012,52864,23.03,94.37
6,2017,23072,95.44,21.85
2,2014,96371,35.66,22.88
9,2009,24921,32.74,48.1
9,2015,2664,64.19,0.75
3,2011,54792,23.79,96.51
8,2019,70667,87.03,3.23
3,2004,63439,90.1,59.61
1,2001,21398,51.82,35.4
5,2009,32232,97.71,10.3
5,2000,62937,45.94,2.46
8,2006,93987,40.82,26.24
7,2016,89045,99.18,10.67
7,2015,45098,40.02,94.03
6,2023,5696,55.54,24.48
8,2002,34189,68.95,9.41
9,2013,87207,45.8,76.97
7,2009,63048,50.74,41.43
4,2021,95519,77.66,84.37
10,2006,28615,77.84,83.84
9,2016,88190,84.29,99.24
1,2005,53989,67.5,80.38
4,2022,86449,38.68,21.42
4,2021,9779,46.65,58.64
8,2003,93778,92.06,52.63
6,2016,39045,78.7,50.82
1,2008,23425,27.04,29.68
7,2003,23915,80.29,21.01
8,2006,68132,46.45,71.69
7,2022,6072,21.86,10.18
8,2001,84612,58.7,4.96
8,2016,78721,90.67,38.12
8,2023,29942,55.55,74.39
6,2007,87186,99.1,86.85
8,2022,30924,34.25,54.01
2,2014,91039,48.07,83.99
10,2014,19972,21.33,2.53
7,2007,70212,24.03,45.54
9,2015,76459,48.35,13.34
3,2018,39878,62.27,58.27
1,2010,23117,38.97,92.1
5,2001,58552,33.32,0.72
6,2022,64629,53.65,66.82
9,2023,20547,33.65,79.23
4,2016,58046,70.47,74.45
2,2015,52954,96.42,1.98
5,2024,29770,84.52,17.39
3,2014,49366,37.22,9.44
9,2012,53753,96.09,8.55
5,2014,43864,80.09,73.02
9,2003,3717,32.4,42.48
2,2015,76330,66.35,72.48
3,2011,6316,97.32,36.08
4,2003,41606,27.74,11.7
8,2002,37949,41.68,71.85
7,2021,65662,49.93,62.61
4,2016,91347,29.25,11.3
8,2021,98011,43.94,92.44
6,2017,81863,75.39,30.89
10,2024,91306,58.18,65.47
1,2017,46675,53.69,3.2
1,2022,8158,54.56,44.3
7,2016,72088,80.77,96.44
3,2011,66889,99.3,88.65
2,2022,66283,67.09,22.13
3,2020,47104,80.12,87.91
2,2023,81465,49.8,29.31
3,2003,23376,88.85,85.22
10,2011,37805,53.63,72.92
6,2022,76531,94.81,35.21
6,2021,42869,79.48,91.08
8,2020,93164,76.6,48.53
5,2019,77999,43.21,31.77
6,2014,68499,83.69,27.97
6,2022,15154,28.42,93.91
4,2015,75213,63.04,75.86
4,2004,62937,78.83,34.99
8,2020,55433,90.69,25.42
5,2014,72509,65.57,21.16
7,2016,65143,40.67,24.45
4,2017,22250,87.91,11.1
7,2004,69170,81.44,48.47
9,2012,49309,32.29,4.11
4,2018,70036,89.79,1.15
10,2012,59776,96.79,61.81
5,2017,16673,63.02,8.85
8,2013,8170,23.07,84.52
9,2003,75648,93.25,10.67
5,2003,21780,29.82,54.27
10,2019,49774,70.65,67.55
5,2019,51969,52.07,22.92
10,2018,23757,99.36,88.83
10,2012,42145,93.37,48.14
7,2011,67697,82.76,31.53
3,2006,59764,35.94,90.11
9,2024,7982,75.94,85.83
5,2011,19759,65.77,70.96
2,2020,61476,30.83,29.05
9,2003,95043,83.57,39.02
3,2001,89311,26.92,68.97
9,2001,95568,58.53,18.53
6,2004,78128,54.13,49.51
2,2022,64243,84.5,73.77
3,2009,35431,54.21,65.77
7,2009,19722,75.54,71.99
5,2008,85880,58.26,89.19
1,2012,40520,66.56,96.83
3,2006,59763,39.28,45.84
8,2004,79511,36.2,6
5,2009,99358,76.79,83.44
3,2009,11899,29.79,11.8
6,2005,41193,34.08,21.94
1,2018,93901,95.28,65.32
6,2020,70044,40.27,74.57
1,2007,54253,45.86,69.46
8,2000,2316,70.66,43.85
5,2016,73575,55.23,91.81
7,2006,47837,64.72,83.22
6,2013,64762,31.57,66.37
6,2020,81510,73.79,44.11
10,2020,49840,32.53,46.38
1,2016,51092,79.82,17.6
4,2008,34488,61.89,77.97
5,2016,89087,85.3,86.6
1,2004,14447,33.81,82.73
10,2024,63519,50.2,54.71
9,2019,10753,87.75,83.79
1,2007,30138,83.9,79.04
7,2005,16104,97.26,83.24
5,2010,34983,37.76,98.19
10,2018,81697,63.12,81
9,2003,14748,21.43,27.07
2,2017,41077,97.22,82.09
10,2000,97188,34.01,37.56
2,2012,39378,92.38,51.62
5,2013,83031,74.27,79.64
6,2023,76737,94.95,31.67
10,2000,28001,39.86,2.61
8,2010,99087,47.61,71.81
2,2016,3170,33.15,90.22
7,2003,61938,53.79,92.79
8,2011,15635,95.8,79.89
3,2009,92239,65.69,93.51
3,2005,51263,53.29,82.07
9,2024,58560,45.99,3.01
6,2000,46089,66.78,34.97
5,2006,42141,77.86,33.61
10,2020,77667,52.54,21.92
4,2015,40432,38.47,79.79
7,2023,81552,66.8,52.01
2,2013,31953,49.25,83.63
5,2022,47159,99.55,60.13
8,2019,37524,55.28,59.06
3,2019,86689,54.76,38.41
7,2005,81945,87.16,78.96
4,2021,26435,40.08,68.31
10,2024,68109,25.28,33.88
9,2004,28651,88.31,99.36
4,2023,36638,67.12,46.28
7,2020,68520,40.81,31.66
4,2017,40170,47.42,68.78
7,2014,40673,54.05,22.28
7,2005,28481,74.43,83.06
1,2024,3884,57.45,68.04
2,2018,60916,51.67,87.01
3,2000,82942,82.44,32.91
1,2000,18577,25.75,85.44
10,2012,70219,72.2,50.09
1,2002,92901,55.91,5.92
6,2009,81380,46.79,19.42
6,2020,99401,94.21,21.76
3,2002,96754,82.23,76.8
4,2008,7995,37.54,20.31
2,2007,92770,72.19,56.19
3,2002,65731,85.78,65.25
7,2024,84756,99.15,77.39
8,2012,55869,75.87,78.39
2,2005,65772,75.26,71.76
2,2012,31327,69.06,21.32
7,2022,24567,23.2,54.35
7,2019,84134,66.8,29.02
9,2019,94350,84.4,77.51
3,2011,13588,51.63,74.81
7,2012,11476,66.96,22.96
6,2001,69212,94.12,64.13
10,2020,32625,33.76,5.84
8,2023,96327,42.44,76.85
3,2022,90814,28.83,78.02
5,2015,36166,60.02,34.7
6,2022,28648,87.17,80.63
4,2005,83684,54.82,85.83
7,2018,72979,25.59,19.01
5,2020,7350,41.08,35.09
7,2012,48832,91.18,26.11
2,2016,91849,64.6,37.44
6,2022,31660,93.13,44.69
2,2008,2054,86.76,51
9,2016,57031,53.14,3.51
2,2001,57896,70.68,5.52
9,2018,61426,73.15,65.52
9,2018,93771,79.74,44.27
5,2023,66707,46.64,8.97
7,2006,61948,43.12,38.62
4,2021,95756,74.77,47.55
2,2009,78548,85.5,63.56
6,2009,43937,53.14,11.83
9,2019,34719,45.69,99.48
7,2008,87733,86.04,47.47
8,2016,71273,74.96,68.08
3,2014,56690,47.48,90.82
5,2001,55695,62.37,3.18
4,2003,27096,96.87,60.14
1,2018,24022,79.99,54.04
5,2016,43585,37.73,5.74
8,2004,26251,43.6,69.3
3,2006,93016,41.22,22.08
8,2017,9974,87.87,70.19
2,2020,1034,71.31,36.26
9,2021,12540,95.2,77.01
4,2006,41029,27.27,94.18
10,2016,5166,24.16,86.05
9,2006,37941,74.1,48.26
10,2003,68198,41.33,22.53
3,2007,37266,74.33,99.24
7,2012,24385,77.88,65.95
1,2003,36960,44.36,39.6
6,2005,26915,96.21,48.15
9,2024,41790,81.98,12.81
4,2004,55315,49.39,50.53
8,2011,60616,52.97,17.32
4,2003,46538,77.27,36.57
3,2023,50225,44.32,49.18
10,2008,39414,43.63,94.78
8,2003,40818,69.99,62.47
6,2018,99327,30.78,37.19
6,2023,96296,99.47,11.31
9,2013,42631,42.98,74.72
3,2004,44013,50.62,46.69
7,2017,45639,37.94,6.82
3,2009,42881,71.48,65.69
10,2024,10923,24.84,35.01
4,2018,2716,94.22,40.39
6,2011,32804,44.32,83.89
4,2017,72372,94.19,13.73
4,2016,16073,40.28,34.04
4,2023,87899,61.1,36.37
6,2010,24594,75.61,0.33
5,2002,75407,69.01,84.53
2,2022,36863,61,83.53
10,2016,21251,83.08,66.18
5,2000,55508,57.64,89.89
10,2014,10551,46.65,27.29
8,2008,54653,77.49,22.06
3,2014,1237,94.98,6.85
3,2023,77020,68.11,59.2
1,2002,19702,42.38,49.64
3,2021,13586,81.02,81.04
6,2018,84583,80.95,48.13
7,2012,79284,41.35,20.32
9,2011,85496,50.77,80.96
1,2019,89336,31.28,45.55
9,2000,29237,26.37,95.58
10,2020,41986,84.59,53.45
9,2016,33716,49.81,11.67
9,2012,44680,42.5,85.1
1,2000,14936,40.49,87.84
8,2009,49594,25.98,44.54
4,2014,24318,98.79,2.6
3,2006,72909,49.36,2.97
3,2021,72733,33.14,35.11
6,2017,4661,89.13,71.62
1,2015,10543,77.85,33.11
6,2013,66155,73.01,0.77
7,2017,15080,43.78,84.86
7,2006,54136,53.24,96.87
6,2016,13074,87.29,34.64
1,2017,32291,71.19,7.31
6,2011,85267,47.65,29.14
3,2007,51442,28.74,79.9
5,2021,50002,92.02,54.23
2,2001,10894,96.44,38.4
9,2006,93944,77.5,33.42
2,2003,2750,75.31,11.54
1,2017,21944,63.02,33.95
2,2005,47464,97.72,47.01
7,2008,23467,75.53,67.31
10,2008,20121,26.14,26.21
9,2013,88942,27.34,89.74
4,2007,25123,97.09,48.48
1,2018,92888,95.46,40.52
9,2002,61640,64.63,59.4
2,2017,55499,37.13,16.76
7,2004,46545,66.68,10.66
8,2013,96707,81.08,34.65
5,2003,47396,20.66,3.99
4,2006,15516,85.83,37.76
5,2019,81417,57.18,67.15
9,2024,16821,57.05,81.21
7,2011,11876,54.74,57.98
7,2001,18776,75.35,69.13
2,2010,83317,36.76,83.31
3,2013,35006,68.53,77.31
2,2021,79892,23.53,32
3,2022,26044,84.91,57.34
3,2015,77230,85.24,26.49
4,2019,61004,44.95,57.63
2,2005,46201,28.43,42.6
8,2022,35771,79.82,37.28
6,2003,22944,57.62,18.36
6,2014,87570,94,56.18
2,2023,89166,48.28,72.93
2,2024,10162,87.32,57.13
5,2000,53151,22.03,6.92
4,2006,77858,81.82,92.43
2,2024,13752,74.26,0.55
5,2011,27714,62.1,88.51
3,2009,35829,92.83,76.61
7,2004,16850,95.36,9.66
7,2011,20487,94.37,23.66
3,2017,50038,67.82,34.9
1,2009,7261,61.55,91.03
5,2005,24858,41.52,97.99
5,2011,55101,32.97,8.72
3,2006,90749,64.57,39.69
8,2017,4251,31.88,14.93
10,2001,6344,33.77,27.84
9,2009,29653,48.54,98.11
3,2014,8991,34.94,98.44
2,2011,16915,60.14,47.21
2,2016,9233,73.1,18.31
4,2003,31016,75.83,54.7
3,2006,50198,62.62,32.07
4,2008,15259,61.74,92.88
3,2018,86560,57.98,81.82
5,2022,25455,39.62,30.88
9,2006,84335,72.34,1.83
5,2022,54706,72.56,99.8
10,2001,27261,40.46,68.33
7,2005,24610,76.05,42.57
6,2017,13195,88.64,28.85
3,2005,90796,67.58,0.44
10,2012,76293,29.4,15.4
7,2018,51372,46.18,0.59
1,2001,65953,27.42,59.76
9,2011,33438,44.16,66.33
4,2014,32320,36.96,76.68
4,2013,9091,64.37,18.7
5,2005,48513,53.88,9.6
2,2017,12284,77.81,65.05
7,2004,65212,49.04,49.99
1,2017,28728,32.38,87.57
10,2002,83760,38.88,53.33
9,2002,63486,63.66,44.48
7,2021,24966,55.99,48.8
1,2021,12313,23.41,78.23
6,2009,93187,36.8,1.83
3,2018,7120,43.74,91.82
4,2002,26424,78.03,71.42
10,2011,73958,78.43,88.53
4,2015,54506,75.84,95.96
10,2016,35357,85.48,22.6
5,2006,99037,89.91,57.83
2,2012,17439,25.69,48.6
10,2023,93096,59.44,53.76
4,2001,76182,31.92,4.73
5,2003,63243,48.32,91.4
10,2009,69311,73.06,95.47
6,2006,15578,68.13,68.51
2,2023,58646,30.28,25.83
10,2016,38214,80.57,78.72
5,2019,1345,82.96,73.08
7,2005,31178,31.13,57.46
8,2018,7153,69.25,17.02
1,2004,67355,95.62,20.12
8,2009,86537,27.52,58.94
8,2008,43170,33.17,12.88
9,2012,21987,81.24,72.39
6,2018,80368,46.95,21.26
7,2020,25317,96.45,91.05
3,2023,68926,69.95,89.97
10,2005,35893,58.66,29.36
1,2003,6013,47.01,8.34
2,2023,61342,39.13,61.14
7,2002,9144,72,44.84
4,2002,97262,67.36,14.37
3,2003,34897,48.63,53.15
9,2024,24020,93.42,99.27
9,2004,48012,80.94,6.9
7,2007,54369,40.81,26.39
5,2015,33826,95.47,53.86
8,2021,41338,80.44,79.34
4,2002,62811,91.77,1.88
9,2023,44175,30.9,73.28
1,2011,64579,22.64,13.99
9,2024,67104,59.43,83.07
2,2007,44214,55.85,69.22
10,2012,42720,89.58,45.65
9,2003,11462,33.77,82.16
2,2013,65606,21.89,73.3
7,2013,81508,62.34,75.92
7,2012,87022,34.21,29.01
3,2005,73846,23.96,61.94
9,2016,74032,21.78,14.11
1,2003,17333,31.39,82.09
9,2007,69675,50.07,52.67
1,2016,2413,90.72,82.49
6,2002,44257,80.85,21.12
3,2016,57576,62.41,13.03
6,2008,71364,54.43,68.9
9,2001,38677,56.46,5.84
3,2024,52197,90.77,24.4
6,2012,93866,77.97,90.87
8,2019,62339,33.76,13.28
9,2001,71363,95.18,37.56
6,2019,30618,81.83,94.56
8,2010,36729,22.73,2
8,2021,8033,60.18,44.53
7,2014,64571,72.22,78.65
9,2010,67495,24.88,90.9
8,2022,65323,48.24,73.56
7,2002,88902,71.86,88.84
6,2002,44678,85.29,3.44
2,2011,30911,98.17,9.99
9,2023,17340,29.73,73.77
3,2004,8668,70.59,75.33
1,2019,59728,91.42,60.53
1,2006,38798,77.35,73.03
6,2006,66680,70.59,85.81
5,2012,76557,37.15,54.55
5,2008,13201,85.22,94.73
6,2024,73300,65,69.42
8,2020,27286,28.91,47.2
9,2012,21822,94.85,42.15
1,2011,47016,99.07,75.02
1,2012,57015,63.01,63.05
8,2023,71783,82.12,81.74
1,2009,86676,66.67,78.1
3,2000,86770,53.78,52.42
9,2024,91705,52.73,94.57
10,2007,68797,97.15,70.43
1,2021,59886,49.5,20.08
6,2015,57879,59.24,61.85
3,2012,65316,39.88,20.18
1,2002,89293,40.26,55.88
3,2002,14801,48.5,78.99
7,2023,74536,93.98,81.25
10,2004,72053,51.72,65.08
4,2010,88378,64.18,78.33
6,2006,72883,63.66,47.22
6,2020,75016,66.65,55.07
9,2023,17174,85.6,87.96
3,2009,99233,92.1,49.31
8,2009,1097,36.7,35.09
6,2019,37795,88.84,79.7
3,2001,34825,63.82,5.05
3,2002,89209,93.96,95.84
2,2007,54252,93.29,34.01
2,2010,90475,51.15,62.96
4,2012,33940,72.15,68.55
7,2006,18462,89.71,13.71
4,2012,83852,50.78,82.29
1,2001,8732,23.51,57.21
8,2005,4979,48.78,32.79
1,2008,85353,49.23,85.07
5,2019,83734,84.54,62.51
1,2024,51467,44.77,78.58
9,2001,37546,91.52,99.23
1,2017,89327,63.89,13.03
4,2015,50715,66.89,74.96
6,2024,47178,84.56,75.77
6,2011,11988,30.77,87.47
2,2006,5904,21.44,40.81
8,2006,12925,24.53,86.97
8,2016,71629,22.45,63.99
9,2012,46043,75.99,6.88
4,2010,62515,39.6,3.15
2,2005,68712,88.59,48.15
5,2022,90512,90.63,78.58
8,2013,59477,48.49,38.42
6,2005,5765,35.59,85.18
1,2005,95605,59.9,49.21
1,2001,48012,85.26,2.63
2,2021,83528,74.79,97.37
4,2019,57426,22.06,48.96
4,2024,37129,20.57,65.01
7,2014,87548,29.1,19.93
10,2016,70990,46.94,29.73
8,2007,67148,62.95,48.43
4,2004,67148,85.41,85.62
6,2016,17233,31.42,10.2
2,2019,37230,32.2,78.03
5,2000,84343,89.09,57.94
7,2021,90479,93.92,49.97
3,2017,24212,64.1,87.66
9,2014,66078,82.79,11.81
5,2004,71913,47.41,99.08
3,2006,27381,95.7,85.46
1,2017,72010,92.39,32.57
9,2005,16018,87.97,45.16
8,2021,15991,21.04,2.5
6,2020,49186,61.86,52.76
9,2004,32844,22.13,54.77
10,2018,79392,74.2,92.66
3,2009,46569,34.68,38.79
8,2014,46773,71.16,57.06
10,2009,96249,27.84,74.06
1,2015,50938,80.53,60.85
10,2011,60326,78.12,15.62
7,2017,78853,20.37,17.18
7,2022,55658,83.36,13.83
2,2000,12060,33.1,21.77
5,2015,81896,28.74,32.83
5,2021,59960,60.02,73.97
8,2005,50700,67.21,6.09
1,2002,52267,28.25,82.04
4,2001,17396,44.38,26.25
7,2001,22997,52.62,61.34
8,2012,82602,95.49,55.28
4,2008,82294,40.11,15.4
5,2015,35369,40.84,28.73
2,2004,82579,72.75,29.59
10,2022,96715,78.17,62.38
7,2020,44917,20.87,78.85
8,2006,6068,30.72,99.63
9,2012,43771,48.62,9.59
4,2019,19552,70.56,93.87
10,2023,44513,30.73,56.15
7,2012,19999,48.56,35.68
5,2006,90812,26.42,28.46
1,2009,1807,65.69,20.9
4,2014,76422,54.11,55.71
5,2020,22443,83.05,94.6
7,2005,77703,65.91,18.22
4,2004,87226,72.73,43.62
10,2022,75997,73.69,20.38
7,2001,85675,67.17,17.56
3,2020,35862,21.29,86.67
8,2014,18116,86.56,26.2
10,2015,5467,93.34,24.8
4,2018,42034,62.74,90.98
1,2008,16965,28.97,38.6
5,2021,58106,72.38,0.87
9,2018,78218,49.1,72.12
5,2006,20429,25.86,51.7
4,2003,23330,88.34,77.41
5,2002,86721,76.94,57.03
8,2023,51107,84.39,35.13
7,2019,16978,83.69,6.66
9,2010,65586,48.61,86.59
6,2000,96107,58.58,20.71
4,2005,98940,38.69,97.13
2,2010,51689,80.39,24.58
6,2000,16488,61.92,82.7
5,2020,97458,72,78.87
4,2006,10941,48.53,46.27
3,2005,95650,74.33,40.17
2,2013,16109,73.7,70.33
9,2001,4170,81.61,52.86
1,2003,75573,32.43,63.2
3,2010,21528,69.89,47.02
6,2014,52336,90.36,55.72
7,2017,75227,27.53,18.92
8,2000,93849,96.86,5.54
1,2002,9716,36.62,35.59
3,2002,14755,94.92,46.59
7,2006,22341,89.44,90.6
7,2000,13078,81.62,41.39
4,2024,21050,36.75,43.39
3,2010,70239,37.32,67.48
9,2005,49117,40.74,20.68
5,2019,63144,84.84,87.16
2,2002,35101,35.02,42.76
2,2018,5884,66.47,93.08
6,2001,86054,82.2,27.13
6,2017,92110,56.85,46.56
2,2011,72155,87.26,77.82
9,2009,63183,64.97,55.59
8,2004,82988,67.61,66.12
10,2008,29335,74.14,28.07
5,2001,21909,87.68,32.85
8,2001,18176,20.37,50.76
4,2005,30378,51.4,20.25
10,2009,63905,97.04,12.63
10,2017,4775,27.89,84.38
3,2011,98769,38.68,77.49
9,2003,8463,65.67,93.21
9,2021,68681,88.63,58.66
10,2020,73873,27.78,42.03
3,2016,81440,20.32,10.3
5,2014,61465,74.96,85.05
10,2005,91143,67.78,45.63
1,2015,50260,41.68,56.11
6,2016,97186,96.61,31.35
6,2002,73561,64.73,52.39
8,2009,42542,73.07,78.18
4,2004,58818,50.3,71.23
6,2013,26050,93.73,98.89
7,2020,37587,42.09,49.56
8,2012,7453,79.9,52.97
6,2005,94766,29.33,5.27
4,2011,21804,63.02,38.94
9,2007,95113,66.22,92.21
9,2004,39239,35.07,35.05
5,2014,94155,45.9,76.61
10,2015,25487,34.3,97.76
1,2000,6538,87.6,12.68
9,2015,3275,72.58,33.4
3,2004,7977,55.71,47.44
6,2002,72410,64.48,23.74
3,2019,68319,47.52,1.24
4,2014,17546,54.3,46.86
9,2012,79927,69.55,53.66
1,2023,21025,36.92,62.54
4,2015,41681,30.73,82.72
7,2022,1251,95.56,25.3
7,2010,14991,38.95,6.1
3,2020,28242,59.62,8.98
10,2001,49236,80.92,49.74
8,2021,62757,64.49,92.22
10,2005,50920,70.79,98.22
5,2005,53757,33.07,20.51
10,2013,43596,51.59,15.2
5,2024,90264,75.22,35.35
5,2010,32128,36.78,46.39
1,2007,84793,58.68,80.81
9,2007,76561,67.14,77.46
1,2000,25290,83.15,92.27
5,2020,76099,37.31,85.81
4,2006,30267,98.25,43.88
7,2005,5827,97.39,1.9
5,2020,98537,20.98,23.66
1,2007,58825,49.44,61.01
4,2018,50053,25.43,50.15
1,2021,64327,45.38,24.02
10,2020,57725,68.57,13.16
6,2023,58749,68.7,21.6
3,2019,13144,27.73,25.97
8,2007,31597,74.17,86.73
1,2013,79663,87.71,71.03
8,2017,92517,70.49,55.23
2,2024,96830,44.8,2.09
1,2015,95830,20.2,82.12
6,2008,32130,71.87,55.25
8,2014,71910,74.22,62.73
5,2009,1606,76.7,6.56
1,2021,79929,23.14,81.49
9,2015,8919,61.32,83.2
3,2003,98463,53.07,88.33
6,2019,56829,81.39,52.81
8,2012,41408,77.82,39.4
6,2021,39287,96.05,7.3
4,2004,55339,91.8,19.39
3,2021,21524,64.64,22.56
5,2006,90855,98.44,6.27
1,2022,23255,32.02,15.44
1,2008,56040,20.57,88.68
1,2007,98696,28.63,54.54
3,2015,42074,48.41,76.45
9,2005,28856,80.42,27.5
2,2015,77760,50.65,13.46
7,2005,9627,82.45,37.33
10,2013,43204,79.42,79.3
8,2020,78705,83.55,29.73
9,2000,97971,34.98,20.45
5,2024,11378,61.28,2.24
8,2008,41981,77.02,62.4
1,2024,63541,42.73,43.58
6,2023,65881,87.04,25.88
5,2012,2705,82.34,51.98
8,2018,65267,29.59,70.06
1,2016,24901,37.43,24.75
8,2010,33814,38.99,60.88
6,2007,44013,90.28,26.02
1,2022,90778,34.94,98.67
2,2004,68105,69.77,73.24
9,2009,55862,25.19,60.27
4,2006,56505,64.2,17.23
10,2009,97367,31.3,58.64
3,2003,30019,66.04,80.05
10,2008,82007,49.42,73.71
5,2013,89150,68.45,77.8
10,2001,52587,51.56,31.78
1,2024,33284,88.34,32.83
2,2008,93318,80.56,53.89
4,2020,3309,87.58,27.87
9,2000,93871,37.76,11.3
9,2022,9019,31.91,46.11
6,2009,43457,64.59,0.19
3,2009,25421,89.83,76.08
8,2019,64227,28.85,74.97
2,2024,68390,38.71,55.19
8,2021,12963,79.68,74.76
4,2002,15148,57.23,62.45
10,2005,81277,68.28,69.75
9,2005,60226,67.34,6.47
4,2020,85870,52.99,88.13
10,2001,20589,76.46,64.39
9,2017,48439,88.18,61.06
10,2022,40975,92.62,38.72
3,2001,3248,23.71,2.81
2,2011,42816,64.29,90.15
5,2021,87679,23.23,98.57
4,2004,96016,92.07,80.78
4,2019,42826,54.34,91.5
7,2006,72448,92.04,12.1
1,2023,93465,35.01,12.87
3,2015,74413,32.99,87.96
3,2019,25842,92.67,5.75
8,2000,57878,95.07,9.32
10,2000,41371,81.34,81.68
1,2016,71377,37.76,55.7
2,2000,59489,33.76,39.17
2,2020,41208,79.84,55.34
3,2019,28661,70.78,87.87
2,2012,17681,89.77,75.71
7,2008,24150,42.14,69.16
4,2014,61949,43.63,97.69
6,2002,86076,78.53,52.13
5,2013,23236,41.43,0.63
8,2022,75887,56.99,42.9
10,2010,33305,61.61,9.66
5,2023,14929,73.53,11.65
10,2021,16092,47.55,25.49
9,2011,58730,88.67,38.14
5,2012,63126,52.19,48.16
6,2012,97594,23.31,16.98
3,2000,64639,25.36,31.17
7,2023,96997,97.73,27.65
4,2009,44189,69.76,36.52
4,2002,33188,59.27,10.8
7,2023,69490,89.57,39.73
1,2003,60507,77.35,55.44
9,2015,86656,34.51,9.69
10,2007,47067,20.58,52.08
6,2015,3975,98.57,75.59
2,2016,53029,70.34,0.82
5,2018,21925,58.17,4.75
9,2021,84604,95.57,46.65
5,2014,46330,49.54,87.28
6,2015,54652,77.8,99.78
8,2014,46173,73.61,9.34
8,2024,95629,74.16,1.83
9,2001,27748,74.17,22.88
3,2010,15669,20.83,46.75
6,2000,70269,85.94,57.18
6,2014,2962,93.84,97.35
7,2018,20116,55.95,88.85
3,2003,44127,64.84,56.21
10,2010,90859,45.98,36.17
10,2004,24930,82.81,32.13
2,2002,32377,78.93,57.26
4,2012,96321,79.08,72.14
8,2009,32514,78.79,48.17
10,2010,53972,37.48,30.44
3,2017,87250,29,61.32
6,2001,29892,44.86,55.79
10,2006,99266,66.03,42.74
6,2008,19847,51.96,74.84
10,2009,64435,39.94,28.22
8,2017,71952,21.78,48.49
5,2022,76206,29.69,94.03
10,2006,78771,28.43,72.28
3,2006,32848,96.53,38.8
10,2002,27039,82.31,54.62
4,2011,13042,29.82,40.55
8,2006,99106,57.38,11.25
3,2016,22767,72.36,33.49
7,2000,1276,96.88,86.04
3,2004,44719,41.52,46.12
4,2015,1123,41.12,58.46
5,2014,62993,65.46,18.14
8,2001,20270,88.59,35.62
7,2008,15223,42.37,92.92
4,2006,38043,30.07,31.42
4,2003,91091,41.29,25.06
9,2019,31827,55.93,5.59
8,2017,62074,48.8,9.72
3,2020,34329,88.9,58.48
6,2003,33555,95.44,66
5,2012,30264,50.28,64.16
6,2000,89654,85.87,53.98
3,2023,53291,25.49,49.1
3,2002,41223,64.3,7.21
8,2015,23219,86.54,84.07
3,2021,99947,53.49,51.31
9,2003,75651,31.47,13.19
7,2024,16382,42.73,13.58
3,2022,79232,59.35,51.3
6,2024,52737,87.48,24.46
3,2015,79945,79.89,92.2
9,2018,27592,26.69,49.89
10,2000,22173,63.69,97.84
10,2004,42138,89.79,73.42
4,2018,20341,66.17,81.07
5,2021,36012,25.2,38.89
2,2023,19237,85.85,13.4
7,2010,84068,92.54,68.97
1,2012,32561,51.14,40.71
4,2019,15189,44.81,94.89
5,2004,38270,63.47,19.36
10,2020,87750,98.73,62.65
6,2003,4466,87,86.61
1,2003,97553,84.88,40.28
5,2003,52393,35.45,95.37
5,2003,47034,91.61,7.66
4,2019,63630,64.48,58.69
1,2020,83273,93.35,77.74
8,2017,72371,72.14,20.18
2,2017,20290,86.73,5.79
8,2015,52604,33.24,7.99
1,2008,54715,76.52,31.92
8,2017,91631,40.58,22.32
9,2021,13685,33.51,22.39
10,2001,75812,65.92,45.85
9,2020,11306,68.22,8.49
3,2003,18755,59.25,99.55
8,2011,17510,27.12,69.58
3,2006,5266,39.58,3.03
6,2014,93790,38.84,69.19
7,2006,8717,45.1,79.18
6,2021,36316,70.25,19.08
1,2020,42081,55.04,84.03
5,2016,94097,97.47,61.18
10,2015,74944,21.27,82.09
8,2018,52312,37.27,71.67
4,2008,73703,65.87,70.46
7,2013,51393,90.35,15.82
2,2016,41171,22.71,31.58
2,2004,20617,90.69,52.32
2,2001,31678,60.58,11.25
8,2019,70500,82.84,47.85
2,2015,60618,95.89,44.53
9,2013,2345,37.23,23.19
7,2013,78465,67.03,19.97
9,2000,24519,90.69,24.74
5,2002,82950,87.55,60.51
7,2006,57229,61.68,41.5
9,2014,81198,95.96,41.4
7,2018,56969,76.68,18.17
5,2019,90361,61.93,78.74
3,2001,19762,24.63,70.04
8,2018,3904,58.98,42.91
8,2008,65085,53.75,14.22
2,2018,91049,44.42,71.47
6,2004,50034,95.43,89.88
2,2017,54662,94.06,17.83
1,2015,48978,46.98,60.27
9,2003,42749,54.86,42.43
7,2011,93464,80.15,8.77
6,2006,5568,86.8,72.58
5,2013,47236,28.81,7.11
1,2022,10729,59.26,70.22
5,2011,89514,93.16,28.12
8,2002,77944,73.17,56.57
8,2004,43912,63.44,16.05
2,2016,89584,77.44,37.09
9,2009,91497,72.91,10.41
6,2009,44954,95.38,46.73
10,2010,69050,93.01,21.33
1,2016,37442,51.82,18.79
1,2004,90920,22.56,10.72
2,2012,58570,46.61,76.54
8,2009,69140,36.23,63.95
2,2008,19821,30.52,15.69
7,2016,14517,91.04,47.24
6,2000,43173,76.79,66.09
9,2003,78099,22.61,87.81
3,2003,83370,93.58,5.96
4,2017,51087,92.24,36.24
4,2008,5065,95.95,61.6
2,2024,79261,86.39,1.56
7,2017,24821,26.31,24.35
6,2013,60041,69.82,74.49
10,2024,51852,26.65,35.57
4,2014,31123,77.07,8.45
6,2005,28127,35.76,62.66
9,2023,51322,94.86,25.01
5,2009,46129,94.73,70.17
7,2014,93746,67.57,90.02
8,2003,85784,80.21,52.79
6,2017,84535,88.65,59.91
9,2017,41684,51.13,51.44
10,2024,1346,66.34,81.74
3,2016,32892,34.08,24.17
8,2011,98386,98.84,40.15
3,2006,65301,94.35,89.5
10,2015,80618,58.67,72.36
9,2010,55087,64.27,32.01
4,2013,54039,54.94,83.26
3,2002,24531,20.13,23.88
8,2018,92873,38.4,63.42
2,2017,7411,28.13,95.65
1,2009,43043,45.83,57.47
6,2005,94584,38.9,79.95
4,2012,50868,80.93,73.54
3,2009,87526,60.38,86.57
5,2017,92733,85.36,96.88
6,2019,24125,70.86,2.23
2,2015,78948,72.5,2.79
10,2024,75514,90.1,59.44
1,2024,61001,87.78,95.42
9,2005,33325,25.06,48.57
2,2012,75912,66.27,83.98
2,2003,61332,53.05,76.79
10,2022,82207,67.97,49.83
7,2013,1804,89.01,51.32
10,2000,51282,20.96,43.6
7,2019,53732,20.88,25.22
7,2004,86723,25,85.87
4,2007,6503,89.99,20.96
4,2011,17296,48.28,90.69
8,2001,51270,49.7,35.97
3,2011,71172,47.63,2.65
3,2004,3277,38.48,16.84
9,2021,66775,23.11,88.78
3,2004,54551,92.52,12.84
4,2012,95126,38.63,73.88
8,2008,27324,91.52,18.28
8,2009,40853,96.46,49.89
7,2000,47021,66.13,20.52
10,2002,29158,49.78,33.32
9,2017,71657,81.26,12.48
7,2011,32325,22.03,55.6
10,2002,24691,94.31,36.58
3,2024,12867,52.63,36.55
7,2008,88752,44.69,3.86
6,2001,2003,30.15,13.61
3,2002,52879,96.41,70.75
10,2013,1327,84.88,29.23
9,2003,20115,77.92,44.21
10,2024,81125,94.48,76.31
7,2018,52525,96.79,44.48
7,2012,10309,41.48,22.56
2,2006,79391,82.92,54.98
9,2011,88272,81.36,80.12
5,2002,14447,64.59,59.96
3,2022,91121,32.03,42.02
8,2022,6132,95.23,12.56
9,2008,9386,45.23,24.87
8,2001,20900,66.31,94.61
9,2021,30292,21.55,77.18
9,2008,96086,54.33,8.76
10,2011,63914,69.35,0.55
9,2011,22508,50.48,17.54
2,2014,82318,58.17,94.39
5,2001,6023,35.36,58
7,2017,9938,48.02,83.87
1,2012,19491,77.87,46.52
8,2013,48659,97.58,82.66
7,2004,33259,57.5,3.39
1,2009,62428,74.88,42.68
5,2011,66323,98.1,37.76
5,2009,16296,81.98,98.15
8,2023,70568,20.81,30.05
8,2010,43637,94.84,41.69
5,2024,33708,89.33,75.88
1,2001,22496,41.69,88.07
9,2004,5385,34.52,87.84
3,2006,87512,91.94,39.45
6,2005,7364,75.1,94.86
7,2021,56659,38.96,65.35
10,2022,15065,77.11,85.11
7,2002,93124,68.02,92.63
10,2012,66221,44.74,23.36
1,2002,86677,64.54,49.92
10,2024,93882,62.18,58.78
8,2023,16848,60.78,80.24
3,2020,36811,61.39,40.12
3,2005,38154,20.03,21.04
8,2010,93674,41.49,74.32
2,2016,27654,54.47,59.23
1,2009,99948,30.18,89.83
2,2011,21048,79.93,65.5
2,2016,31512,87.75,1.68
7,2003,63690,85.42,96.67
5,2001,66670,56.77,59.31
7,2010,8077,75.26,59.59
5,2006,18187,26.15,90.93
6,2001,82952,35.95,66.38
10,2017,96340,23.76,47.93
5,2020,59725,97.24,10.73
8,2003,19581,65.95,96.22
7,2007,31120,34.02,7.85
1,2019,66988,76.6,17.03
10,2013,36073,59.13,81.95
6,2011,90006,54.74,49.04
5,2021,47631,93.08,17.83
6,2020,95135,76.66,28.62
1,2017,93434,75.25,99.4
2,2010,26055,27.78,58.4
3,2007,4630,27.36,40.16
1,2001,65615,73.15,87.62
4,2024,24826,32.52,47.97
1,2014,53193,56.26,30.79
6,2008,44033,65.58,16.42
8,2018,3886,51.05,74.45
7,2019,44337,26.81,59.62
8,2007,43197,79.47,9.24
6,2024,27499,90.8,59.16
7,2018,16649,32.93,15.95
4,2004,60547,88.33,98.17
3,2010,97622,83.1,25.97
10,2014,79330,65.11,69.6
6,2007,11227,67.69,65.6
5,2018,72126,72.13,69.14
6,2022,71531,61.98,43
6,2007,52052,87.55,7.43
7,2018,95061,57.93,98
9,2017,12647,63.76,19.15
1,2009,69588,22.94,76.97
9,2006,17862,34.41,13.76
4,2008,39815,92.3,28.12
5,2000,87933,29.73,55.99
3,2018,25478,92.32,41.35
2,2004,11496,70.87,95.83
4,2018,18398,93.61,84.77
2,2000,75775,85.14,92.18
2,2014,17277,89.22,64.07
3,2015,13797,61.95,21.89
8,2022,67779,86.02,51.85
9,2006,14036,56.84,76.55
6,2011,71472,23.53,6.47
10,2007,31089,72.11,86.31
2,2004,921,78.28,63.14
5,2009,55849,28.12,72.36
4,2020,54944,85.27,69.43
8,2004,47850,26.01,84.78
2,2016,7308,55.33,8.75
8,2004,37981,59.03,37.7
8,2021,37044,22.94,50.26
2,2014,86810,25.26,54.66
7,2012,89148,56.05,94.26
1,2000,89630,44.9,4.25
5,2010,90805,85.27,86.64
6,2022,78634,53.11,55.19
6,2000,95327,28.44,55.46
5,2010,29094,32.63,32.03
7,2017,15480,73.88,64.36
6,2017,49901,96.01,64.64
8,2020,93441,89.57,18.93
3,2015,38319,30.36,67.7
4,2012,65626,21.31,26.67
9,2006,39379,22.12,68.88
6,2000,4891,64.39,61.19
5,2015,90849,58.87,71.6
3,2000,86140,21.07,1.97
2,2016,20893,24.57,12.54
1,2005,70941,99.98,84.02
5,2001,52236,97.2,38.07
8,2016,51417,30.14,83.67
1,2005,66026,33.13,6.27
4,2013,64243,92.01,76.94
4,2017,58986,60.6,8.38
7,2005,67150,96.64,46.83
10,2009,92831,61.63,93.76
7,2023,13510,66.18,7.77
3,2017,50791,37.61,35.07
1,2008,8467,90.09,51.83
10,2007,88073,86,89.95
2,2009,43436,46.99,33.26
8,2016,48192,68.99,80.7
1,2022,34413,47.32,71.82
7,2005,67663,57.12,30.71
9,2013,10550,88.28,34.08
10,2021,75710,53.23,19.1
10,2021,88181,87.25,69.3
8,2005,59365,96.81,56.31
6,2006,14764,53.31,15.5
4,2011,54507,90.2,62.01
4,2002,93804,44.32,49.86
9,2013,87740,20.23,9.26
3,2021,32461,26.76,95.37
3,2018,50226,78.97,83.48
2,2022,16259,28.01,7.1
1,2015,6004,95.13,93.13
5,2006,96819,89.33,91.67
6,2007,64199,61.19,4.22
7,2017,47672,66.52,20.15
5,2024,95855,75.55,70.24
5,2012,62316,78.52,93.46
10,2020,65307,59.3,82.31
9,2008,22361,45.07,28.19
4,2009,65652,92.82,3.34
2,2020,22789,23.73,47.29
3,2022,51767,48.49,9.2
9,2008,89857,73.32,24.53
10,2014,12771,91.29,64.01
7,2019,58004,25.94,49.5
2,2001,73229,72.72,37.67
10,2024,42218,58.97,93
4,2012,33207,74.92,19.3
4,2001,49073,45.38,48.75
4,2018,9521,76.86,57.35
9,2001,9540,34.42,32.19
9,2002,73935,82.03,70.53
3,2005,27052,79.95,86.73
3,2002,4844,95.74,54.15
7,2009,79438,33.86,78.13
2,2023,7703,77.76,6.1
8,2005,79354,45.81,15.38
8,2022,5940,42.55,46.2
10,2015,43709,52.13,92.1
4,2016,3392,42.82,53.16
2,2018,86044,39.86,43.23
5,2002,7187,81.47,60.01
9,2017,24307,75.96,12.45
1,2006,81425,28.75,65.37
6,2008,30652,64.81,9.4
7,2019,26375,46.48,57.68
4,2011,96588,97.68,71.44
4,2004,35439,54,41.15
4,2002,29439,23.25,91.09
9,2010,8969,46.54,15.2
9,2024,83443,45.02,17.1
6,2003,62015,20.45,51.69
5,2004,70657,59.02,93.17
2,2000,78941,92.46,39.07
4,2017,91811,84.19,92.64
8,2011,84137,74.77,69.35
3,2012,56855,47.48,78.26
8,2008,51632,38.56,93.79
10,2001,99073,47.41,57.23
8,2004,53749,29.84,64.17
10,2012,63219,27.96,57.9
1,2015,19504,65.96,78.49
3,2015,91998,85.12,27.34
8,2023,71262,27.95,78.8
1,2002,5753,46.81,71.35
7,2021,9226,29.82,60.21
2,2003,59452,44.84,3.88
1,2010,89615,86.42,77.45
2,2022,87052,22.79,13.24
8,2013,60758,71.78,96.2
5,2002,40500,24.79,8.15
1,2015,46773,54.12,72.03
3,2021,97986,57.92,36.04
8,2014,48926,52.12,73.57
4,2009,30235,70.99,51.9
9,2008,66058,97.89,62.95
1,2010,42148,41.38,7.54
3,2015,33019,68.78,96.65
7,2009,1786,48.4,0.38
4,2016,69896,99.96,94.12
7,2018,76310,96.08,56.83
8,2001,11226,27.47,25.83
9,2023,62040,97.89,63.77
1,2022,95318,79.06,67.29
1,2001,95813,99.39,73.03
5,2005,26416,81.68,1.64
5,2018,80326,30.31,98.28
8,2007,2877,80.04,61.79
8,2002,25271,78.13,37.75
9,2013,93073,33.34,57.07
5,2024,49504,80.25,17.84
3,2015,55280,73.98,24.73
3,2000,75732,99.56,8.58
9,2020,51767,69.5,87.92
3,2002,22302,53.17,25.16
10,2021,85338,96.31,73.97
2,2017,45484,70.23,27.42
9,2008,25946,47.89,14.6
9,2005,31360,21.68,10.81
6,2022,90796,80.53,86.02
4,2020,75917,29.56,11.97
4,2024,83632,93.89,8.71
10,2000,12337,96.91,0.94
5,2020,62982,38.91,36.64
8,2009,39492,29.02,94.27
8,2005,9189,67.63,90.86
7,2022,2065,37.1,11.51
10,2011,25293,63.35,1.25
9,2003,5120,53.14,75.1
10,2012,65700,83.36,30.65
10,2016,26437,99.99,83.47
10,2007,83925,56.54,21.54
4,2019,88742,74.8,49.22
10,2002,59900,47.34,3.29
2,2011,45777,89,89.47
8,2006,25872,22.96,17.8
7,2011,5456,59.48,29.47
2,2001,61894,34.14,47.97
7,2023,12411,34.15,27.13
6,2013,81732,62.64,4.02
7,2021,51903,44.62,2.91
8,2022,7170,56.72,95.52
8,2004,60344,44.45,32.55
10,2008,63637,56.41,33.44
1,2020,98727,42.87,92.29
6,2010,23973,84.28,83.62
9,2004,47798,64.63,68.69
3,2002,21845,32.91,65.85
7,2016,26108,20.68,80.11
1,2001,45304,21.4,16.89
10,2023,10786,53.74,66.43
4,2000,79136,45.13,9.84
9,2006,17372,40.97,12.65
5,2013,42805,69.83,24.28
1,2004,42250,85.06,70.98
4,2018,89685,25.07,89.25
6,2010,44976,28.8,69.08
10,2022,45648,49.5,41.66
9,2024,92446,55.32,51.37
9,2001,89142,51.62,71.23
9,2007,78461,71.09,61.33
6,2008,94067,26.98,52.95
7,2002,54059,59.58,23.68
5,2001,72469,84.94,61.7
6,2006,80436,94.28,1.87
3,2004,73977,64.83,56.01
5,2020,85689,31.07,82.07
8,2004,20483,78.2,17.98
10,2019,46516,83.71,11.42
6,2012,16760,35.7,97.02
4,2020,88076,74.2,84.35
5,2019,34541,94.44,30.2
3,2005,66574,77.51,20.86
8,2019,45213,53.25,33.4
7,2017,70248,55.42,43.12
4,2024,85359,26.36,82.11
5,2001,27690,62.09,23.92
10,2024,99289,84.21,72.08
4,2005,18270,98.28,92.93
8,2008,50701,51.94,37.95
4,2024,99587,54.83,2.6
2,2002,11751,24.38,82.76
1,2000,90189,82.01,70.84
7,2000,88032,77.33,14.91
8,2018,32655,52.23,59.69
4,2004,63439,76.74,82.48
1,2012,95121,69.84,18.1
1,2018,8561,81.52,22.29
4,2011,40557,45.13,20.18
10,2015,24908,72.07,99.75
2,2024,18688,70.05,22.95
6,2024,23279,27.24,26.69
2,2018,91710,42.48,4.79
4,2002,25187,88.82,98.33
7,2011,24714,32.49,24.68
6,2004,67005,50.37,72.52
8,2001,84053,38.02,2.64
2,2021,21746,31.21,78.34
4,2006,34186,30.91,75.06
2,2012,17051,47.84,8.42
6,2024,20205,84.28,12.26
3,2014,94515,97.31,29.51
5,2021,60649,65.75,35.47
2,2002,92872,70.82,78.35
8,2020,16302,82.3,6.12
8,2019,63891,72.94,65.02
9,2004,11531,87.87,22.85
2,2023,55841,90.72,38.25
5,2007,22021,70.22,0.22
10,2021,87394,62.65,29.11
1,2000,25833,51.28,17.13
5,2007,65231,56.93,50.4
1,2023,38051,47.64,15.82
1,2017,37761,54.16,83.58
3,2019,2473,91.98,88.29
9,2015,11400,97.79,84.53
5,2017,49749,48.92,98.18
5,2019,19960,37.65,91.46
3,2011,92531,26.26,27.98
2,2012,2706,86.95,31.45
2,2012,57782,89.65,53.27
2,2009,66122,56.04,38.5
7,2006,10458,63.39,96.99
1,2024,11883,79.19,33.95
7,2013,69713,50.07,74.01
9,2023,25757,36.12,57.54
3,2015,80606,29.17,95.65
5,2014,73681,38.82,74.45
1,2011,45676,71.63,30.36
7,2008,78820,47.81,19.71
7,2007,27545,89.42,85.46
4,2017,8826,27,91.1
7,2022,29486,53.31,83.11
10,2017,10937,40.56,73.74
5,2012,53441,91.02,32.17
10,2017,94718,84.5,50.54
5,2014,13656,98.74,91.57
3,2003,28277,29.54,13.49
5,2016,25810,82.58,49.49
10,2004,20355,30.07,35.55
5,2021,71475,32.4,67.75
3,2015,36533,23.14,63.41
3,2008,68004,57.18,56.01
9,2009,61955,30.07,27.96
5,2023,52796,47.87,15.96
4,2017,79975,42.1,78.43
2,2016,34492,98.11,99.17
8,2017,41080,72.66,16.91
3,2006,34455,52.84,7.58
6,2003,81747,90.28,74.57
2,2004,87440,25.11,34.39
1,2022,27608,46.74,21.3
5,2015,29803,61.17,52.51
10,2002,61366,24.31,67.52
8,2017,59281,31.67,21.48
6,2022,50587,91.6,99.45
2,2020,24082,34.37,32.82
5,2013,91171,93.73,31.5
9,2014,45646,27.69,42.3
1,2016,38905,91.06,74.5
8,2000,25521,56.3,87.33
4,2024,1808,65.86,32.4
9,2020,65607,42.53,11.87
6,2016,18789,41.87,25.61
8,2022,96518,59.37,8.43
9,2024,58173,48.46,63.03
1,2010,89720,26.22,74.07
4,2016,8282,48.29,42.93
9,2013,20562,40.38,95.28
7,2019,26629,87.97,72.75
4,2018,30216,87.08,37.97
6,2020,72066,31.32,10.22
1,2006,3083,78.41,49.37
5,2023,43732,56.07,50.38
10,2012,76847,89.48,55.06
10,2017,22735,41.92,68.24
10,2022,24381,27.05,26.44
8,2013,69954,84.04,0.25
6,2000,14369,89.47,81.28
1,2006,7011,87.24,82.35
4,2007,14616,46.34,91.16
8,2017,36481,22.47,96.9
6,2008,69923,31.17,15.92
5,2000,57409,93.55,35.39
7,2021,67258,49.13,85.14
1,2016,71782,90.42,93.4
10,2018,85527,98.47,1.45
9,2005,84933,51.66,38.75
1,2002,62377,82.12,11.34
3,2023,21736,33.53,78.85
6,2004,14932,50.7,74.71
2,2001,60395,76.41,75.43
5,2019,28514,36.57,39.02
7,2024,82211,45.58,40.62
5,2003,71019,65.11,26.19
1,2009,76425,75.3,36.09
2,2009,86558,48.55,98.31
3,2023,18204,50.14,4.66
4,2020,46468,28.79,32.4
9,2010,19250,98.72,78.99
2,2015,61634,68.98,38.23
6,2016,68571,62.43,95
10,2015,88709,36.91,33.21
3,2006,52027,59.04,84.98
9,2015,78442,55.78,81.51
7,2002,98534,40.68,0.92
10,2015,13953,55.7,40.3
1,2007,86805,36.28,28.06
2,2011,59506,76.82,47.96
9,2002,99028,92.7,46.28
8,2016,30065,20.21,90.55
4,2020,68836,64.5,18.36
4,2017,1780,78.59,18.22
3,2010,64163,92.58,10.81
7,2003,99325,48.67,73.87
3,2015,84038,92.57,91.79
8,2016,30334,86.04,36.85
6,2008,62058,62.02,6.18
7,2005,57458,40.56,15.6
5,2023,77910,72.23,10.24
6,2019,18485,40.84,59.23
7,2024,2806,47.91,28.23
7,2001,8322,57.36,89.74
8,2008,28903,59.84,16.23
1,2020,59059,35.13,93.02
8,2005,1442,75.5,33.27
7,2002,37199,99.35,86.73
9,2019,27281,39.51,94.9
6,2005,37017,64.36,98.64
8,2006,90872,56.38,80.36
1,2000,70776,44.62,10.17
2,2022,16873,53.58,5.54
3,2000,49151,78.62,73.97
7,2004,12919,53.18,89.7
5,2005,82827,60.54,16.61
2,2012,51695,58.18,94.11
4,2001,71308,64.42,61.02
10,2014,80653,43.3,12.4
1,2014,74794,60.78,16.7
5,2012,81139,30.79,6.6
10,2024,55409,79.31,14.32
1,2013,47649,28.87,73.21
9,2021,13473,82.8,21.88
3,2006,44830,86.04,56.17
2,2013,35247,21.52,72.11
6,2023,92564,86.47,89.53
1,2009,23048,71.85,58.99
6,2016,92618,27.75,56.97
3,2013,20722,99.83,91.28
7,2007,13976,69.24,29.49
4,2003,68351,52.07,20.37
2,2015,5256,90.82,87.28
3,2023,40064,23.33,7.45
3,2012,80350,77.39,18.97
9,2021,44904,31.5,41.13
10,2024,66068,64.2,36.13
4,2019,53983,27.68,70.61
2,2017,15033,74.33,9.18
7,2013,56542,57.19,47.72
7,2017,74559,20.54,80.86
8,2004,87001,25.71,68.33
3,2008,70251,76.24,63.16
1,2002,17041,51.96,23.94
9,2007,60952,73.77,39.36
4,2019,21829,51.19,18.07
7,2021,53434,48.94,50.89
2,2009,53473,88.39,58.42
8,2021,19572,88.38,63.12
2,2018,25768,93.58,87.6
9,2020,28959,85.84,6.18
1,2002,97509,30.19,38.83
8,2010,44382,25.32,59.1
8,2010,65255,24.67,57.01
10,2016,8346,98.42,2.17
4,2015,38653,60.09,18.93
8,2006,51808,29.21,84.57
10,2003,5954,63.54,51.54
10,2022,90745,76.82,41.36
9,2018,96736,27.56,90.02
6,2011,35395,47.71,7.5
2,2014,30178,35.03,92.23
1,2010,98390,98.03,2.78
5,2004,55252,45.46,56.27
2,2004,56683,75.24,55.51
8,2014,8262,93.47,63.91
1,2017,21081,89.06,2.96
7,2010,4926,51.52,53.05
6,2011,95083,44.87,11.36
7,2001,67510,84.74,15.6
7,2019,13551,36.41,21.54
4,2014,6489,77.39,61.32
2,2019,62363,86.82,39.01
5,2003,9740,87.94,8.53
9,2021,64556,20.71,28.9
5,2017,50067,59.99,7.66
7,2005,95831,48.61,66.41
8,2022,38775,98.31,55.75
6,2018,6282,63.53,40.77
3,2010,47171,54.2,92.77
5,2023,84798,39.55,51.87
7,2001,25737,87.65,88.75
6,2007,13146,45.55,57.91
1,2010,73329,86.14,37.68
2,2004,49940,91.33,53.9
10,2017,84145,24.65,15.19
4,2022,14832,60.8,67.48
6,2017,31659,53.63,98.21
8,2013,58418,51.45,24.74
8,2021,33984,49.72,32.32
6,2009,85832,62.56,40.61
8,2002,71359,30.42,48.35
2,2008,29098,89.7,71.91
8,2002,52045,64.64,13.67
5,2010,86500,47.77,30.25
10,2011,11754,39.44,53.87
8,2011,50664,69.33,58.96
10,2002,32052,82.94,53.66
7,2020,35628,55.27,43.55
9,2006,92745,98.76,71.15
2,2013,67982,62.85,20.45
9,2023,4012,98.31,28.27
7,2010,74154,97.01,44.45
2,2006,67387,67.98,69.55
6,2024,48878,66.51,8.24
6,2020,19959,28.45,11.57
10,2009,20788,94.34,78.24
7,2010,11039,84.26,26.1
10,2014,82947,60.04,96.35
4,2018,11345,44.51,96.14
8,2015,47370,87.08,68.59
3,2021,77202,43.32,71.69
4,2020,13967,63.35,65.1
8,2019,81829,35.91,17.73
2,2011,46936,84.36,50.05
10,2017,22531,80.22,79.3
2,2022,87580,43.34,77.47
2,2012,60540,29.39,89.88
8,2004,95797,34.17,90.08
7,2003,47443,69.31,26.15
8,2013,69315,32,72.17
1,2007,23616,45.61,65.13
6,2008,53668,87.14,88.58
6,2024,13518,26.54,18.35
4,2018,16240,66.49,73.98
6,2002,20820,51.99,42.33
8,2004,34312,29.63,39.45
5,2020,80518,60.75,3.58
10,2017,3939,61.33,96.15
8,2000,17196,50.25,67.58
8,2007,16448,24.43,59.07
3,2018,67926,36.55,25.12
10,2016,79795,52.38,65.84
1,2016,61462,42.18,94.56
6,2010,86641,32.84,16.33
10,2001,12692,58.96,98.38
6,2005,23862,51.81,42.74
4,2021,25571,73.2,97.82
10,2013,54491,64.83,63.39
6,2002,54447,33.58,32.41
1,2011,68064,75.01,37.44
9,2003,27168,57.23,29.06
2,2011,81726,29.08,33.48
2,2012,95618,21.48,64.65
1,2001,3407,70.11,1.66
3,2001,98775,69.49,96.76
9,2014,69179,85.64,76.85
4,2022,74955,80.99,94.1
1,2016,87810,90.2,71.75
2,2006,8074,43.39,48.1
2,2013,9806,53.05,18.97
2,2011,67713,24.95,51.63
7,2016,35311,52.91,71.17
1,2013,8181,37.58,85.42
8,2005,94576,84.43,32.41
4,2018,32214,72.5,51.05
2,2023,69150,82.54,62
6,2005,46921,67.4,58.86
1,2017,5353,67.83,5.24
7,2023,93455,38.82,48.34
1,2004,27962,73.59,80.9
4,2023,62665,31.52,80.23
7,2023,97141,42.07,50.71
4,2005,7099,34.4,95.24
1,2001,29946,95.96,82.62
8,2007,2841,91.85,73.73
4,2014,55971,89.99,51.56
7,2014,45512,96.81,59.07
7,2010,83529,69.01,22.32
4,2021,61425,91.58,53.24
5,2021,27717,43.35,52.6
1,2023,88892,50.78,20.28
5,2000,7908,57.36,95.11
3,2017,36341,27.15,24.48
1,2011,22254,85.98,10.42
4,2011,38813,29.53,46.7
9,2024,66951,83.97,68.61
4,2010,82681,93.78,19.52
5,2007,38782,65.43,18.29
8,2006,48312,33.27,26.15
4,2022,57802,54.94,30.27
4,2020,70939,31.11,24.62
8,2001,46103,29.52,47.07
4,2010,52314,80.49,1.83
2,2021,39509,51.44,8.75
9,2009,89357,20.01,72.94
6,2002,35240,23.88,41.23
9,2019,35442,85.42,36.03
4,2009,50979,69.58,1.04
2,2017,21774,87.56,29.82
1,2013,28961,41.89,82.12
4,2017,63342,45.15,34.04
5,2023,89734,69.35,96.37
2,2007,9531,73.21,39
8,2009,45296,22.12,46.41
2,2021,93925,92.58,80.19
8,2012,94260,83.93,98.3
3,2020,56378,30.55,37.16
6,2007,17431,20.83,11.99
10,2003,45622,81.53,52.31
2,2003,77894,92.23,59.18
7,2004,62621,45.77,95.95
5,2000,63438,45.66,41.39
4,2016,60470,61.17,9.08
5,2001,88149,73.96,65.09
9,2007,95544,71.81,2.11
10,2006,38820,80.21,42.54
9,2014,69912,29.12,40.96
3,2024,88301,61.59,25.48
10,2004,59169,60.51,96.43
10,2001,37059,95.99,40.34
9,2006,85291,93.46,89.47
8,2007,1074,80.03,51.51
9,2006,1601,90.15,82.05
5,2006,18259,79.65,45.14
8,2013,95538,77.64,99.15
5,2020,38502,37.26,64
3,2017,86368,69.38,15.59
4,2005,79852,93.28,0.64
1,2003,72910,80.01,92.89
8,2009,48781,68.38,68.68
3,2017,14819,40.65,10.63
7,2011,86224,74.29,74.35
3,2015,86884,47.76,22.71
9,2024,39113,25.22,80.92
9,2006,36999,39.15,60.99
1,2005,24409,51.14,12.37
3,2004,21281,99.73,7.09
6,2002,90307,80.81,46.61
4,2011,55442,42.37,93.69
9,2014,97672,80.99,56.46
1,2009,43814,48.61,75.91
4,2019,4250,68.63,46.95
3,2018,52786,81.17,38.41
3,2015,79160,79.27,82.22
10,2010,93677,31.2,46.34
1,2007,17770,86.04,14.15
9,2002,92170,93.84,27.45
6,2022,12499,38.67,56.14
3,2006,61628,46.35,40.26
6,2022,31606,95.06,36.64
3,2006,87310,98.69,66.88
9,2013,23485,56.28,63.63
4,2001,6027,22.76,31.4
2,2009,55548,94.63,35.94
4,2018,20341,22.03,75.21
3,2008,24441,46.42,92.13
5,2015,36566,27.18,32.42
2,2018,77626,60.94,29.19
2,2017,57154,23.01,26.53
6,2008,45832,38.03,14.15
1,2015,47447,56.71,37.72
6,2012,96458,25.93,51.6
6,2009,54928,58.43,53.74
5,2024,51178,41.21,69.1
4,2019,47800,41.35,5.26
4,2013,46749,94.96,56.14
7,2011,68192,75.22,25.5
3,2024,76651,94.36,23.91
5,2018,3294,66.06,78.97
7,2006,97140,92.57,15.35
9,2022,89246,86.99,32.91
3,2014,48628,99.83,63.76
3,2015,69078,60.25,64.29
10,2007,89115,75.69,4.81
10,2009,72928,32.85,7.26
8,2003,4591,95.16,65.54
8,2018,20118,51.9,95.32
6,2018,99239,93.33,99.85
9,2020,32021,28.06,98.71
2,2014,92069,61.22,35.16
2,2013,35640,20.11,24.18
10,2000,10896,53.28,9.86
10,2015,32357,26.65,32.58
10,2009,98915,55.93,27.69
5,2018,36302,64.46,57.68
1,2021,38842,88.18,36.88
8,2002,71924,43.63,23.15
5,2004,75324,65.34,61.25
4,2008,57826,25.32,32.31
2,2017,71085,93.08,35.36
3,2010,26372,56.14,59.84
8,2015,83377,40.21,11.82
7,2001,21715,57.06,77.42
4,2011,5468,58.52,96.54
8,2021,94698,79.46,49.08
5,2005,41553,97.97,55.99
9,2010,19650,34.89,38.46
3,2007,1167,24.36,95.67
8,2011,33782,72.46,13.29
1,2001,37557,90.77,81.35
10,2008,62873,65.2,65.04
10,2014,93635,26.39,79.15
3,2001,34079,53.74,95.05
5,2000,48836,72.38,49.62
10,2009,22591,46.24,28.83
8,2001,55501,87.59,77.95
7,2011,22956,37.98,84.46
2,2022,51172,49.16,68.63
2,2007,6249,93.31,84.9
4,2004,18362,65.88,73.03
6,2021,48707,20.5,95.75
9,2000,88238,39.52,57.07
3,2014,26107,80.27,38.05
4,2005,51790,24.16,68.05
6,2011,62285,99.44,6.91
5,2007,69105,91.83,49.84
1,2012,50002,37.91,77.34
1,2018,19189,91.64,16.9
9,2000,89628,75.96,40.04
10,2010,89290,54.03,35.03
8,2019,54443,35.69,33.5
4,2000,34532,36.02,65.06
4,2007,63581,67.53,49.75
3,2004,56040,53.28,79.73
3,2016,7234,67.62,5.78
1,2007,31132,46.42,45.39
1,2024,86326,38.41,1.4
7,2009,80675,86.92,22.09
7,2001,47114,93.6,77.54
10,2008,53085,76.42,10.61
7,2023,10999,32.93,10.56
8,2022,66701,27.38,40.14
8,2002,80902,63.13,77.69
4,2017,69693,64.03,63.8
2,2006,48841,71.14,78.18
8,2014,86568,92.49,4.95
6,2020,62841,71.74,56.37
1,2021,79988,93.29,45.33
3,2019,30686,29.42,89.6
7,2017,72939,76.74,73.73
4,2024,51194,94.2,42.43
9,2002,16715,57.02,55.38
3,2022,93462,97.4,42.48
6,2013,99521,64.2,44.11
7,2023,3420,95.44,63.41
6,2001,33922,79.88,21.65
1,2013,91743,56.62,33.32
1,2021,6828,22.74,27.92
10,2010,59619,72.59,80.08
4,2015,28298,40.34,94.19
3,2007,37079,43.09,41.43
5,2006,64746,21.58,7.71
5,2010,98672,64.61,9.36
3,2002,80473,43.14,39.96
9,2016,61054,98.59,39.5
4,2013,49015,79.92,14.62
6,2005,6611,48.6,80.71
9,2007,11419,43.56,50.01
2,2021,83501,77.2,10.91
3,2004,56426,40.34,9.87
6,2007,78411,55.84,44.6
5,2001,28117,32.83,11.68
8,2014,71399,40.33,56.12
10,2011,63030,27.87,38.5
5,2016,76569,54.17,91.97
4,2000,3701,94.14,41.89
1,2014,7498,28.07,61.44
8,2013,27163,54.99,81.14
10,2019,38599,43.87,30.29
10,2021,17174,49.04,51.19
2,2015,7460,81.72,12.09
2,2008,39006,54.8,43.28
7,2000,69459,72.03,37.58
5,2016,77394,97.78,42.82
5,2012,3999,69.32,10.74
5,2020,25057,46.99,39.84
7,2020,46354,51.81,87.03
9,2004,90224,75.67,93.71
10,2009,22452,75.55,24.17
8,2005,83263,49.45,30.05
4,2023,83333,77.96,0.96
10,2018,21323,64.05,11.56
2,2024,88087,98.43,34.51
6,2012,33201,92.65,68.51
1,2000,65936,85.91,29.22
7,2019,90316,22.75,7.54
3,2024,20874,50.43,73.09
6,2014,65041,65.86,46.68
4,2013,42436,61.73,51.92
5,2007,61170,81.09,32.6
2,2009,27168,92.73,61.3
2,2008,1700,82.97,89.08
2,2016,89809,37.62,55.38
5,2008,18532,58.85,58.75
3,2002,66157,51.49,37.36
7,2010,70406,81.3,8.26
6,2011,64888,91.61,42.85
5,2009,4315,42.95,92.46
4,2024,37675,59.11,68.02
7,2016,48021,78.55,49.02
4,2016,64748,24,62.09
7,2024,18236,97.05,55.85
3,2010,87642,84,91.24
1,2021,66723,63.42,22.38
4,2003,27405,82.29,88.87
5,2006,14056,86.91,68.85
7,2020,13944,59.51,12.77
2,2013,50507,55.21,37.19
10,2006,48274,87.02,43.63
2,2023,14603,88.77,8.29
9,2007,521,29.89,55.42
1,2000,16473,92.63,25.94
1,2023,40585,42.14,45.81
2,2021,18888,73.37,43.88
6,2003,7212,76.74,52.17
3,2011,56465,42.38,84.62
4,2023,12644,44.33,78.08
5,2002,28962,76.5,87.3
1,2012,34237,34.01,57.23
2,2019,69814,88.67,61.58
2,2005,31184,37.83,43.05
3,2010,9036,48.09,71.72
3,2022,92341,41.33,20.49
8,2003,90497,39.62,47.52
8,2019,3831,98.31,71.42
6,2015,70331,40.27,77.79
6,2006,55800,66.27,24.79
9,2021,88863,79.63,18.15
6,2010,81998,23.36,28.85
7,2023,85727,90.53,92.02
3,2000,55518,32.23,12.91
5,2006,81109,67.05,95.31
7,2011,50191,71.29,99.48
4,2006,54923,70.37,78.34
2,2022,48499,78.68,76.04
6,2006,10985,94.5,95.33
2,2009,13765,94.15,29.05
1,2015,67524,66.25,12.9
9,2007,33553,49.59,82.31
1,2008,6233,45.72,17.09
9,2008,56134,90.93,4.54
8,2001,50889,88.25,19.65
2,2012,82532,43.67,43.79
9,2012,7426,32.19,49.51
10,2022,44266,88.89,6.25
7,2022,92111,68.67,44.34
9,2003,2063,45.05,60.43
9,2024,81863,68.85,93.18
7,2023,79927,25.3,22.73
2,2011,25432,35.21,21.1
2,2016,86974,63.66,38.94
7,2001,74698,63.13,98.37
1,2012,85334,39.73,33.62
10,2017,16086,98.57,4.39
5,2014,14526,52.99,26.56
4,2007,35888,76.68,55.83
10,2014,11954,40.68,41.25
2,2000,75369,53.96,77.42
5,2019,37671,86.5,60.73
8,2009,21543,87.89,55.95
6,2011,17922,30.82,32.3
9,2004,23451,48.37,55.18
7,2008,28943,36.25,61.56
7,2022,12242,91.22,17.92
9,2007,30291,80.31,73.59
6,2015,82474,65.06,39.29
4,2013,57765,72.01,74.23
6,2024,26377,93.13,17.77
5,2012,40680,44.26,65.65
6,2022,12603,21.09,2.69
5,2020,69503,22.11,15.9
6,2012,1994,23.73,89.11
4,2004,37401,30.28,46.15
4,2015,69739,65.67,50.79
2,2010,87285,98.49,90.76
9,2021,48767,53.59,48.49
4,2004,49834,76.99,65.46
5,2012,34504,83.37,22.2
4,2010,94833,84.11,8.16
2,2024,12927,55.46,35.34
7,2018,42080,64,79.87
5,2002,49106,46.3,44.68
2,2014,59388,75.03,16.82
1,2006,96194,50.63,54.51
1,2006,66270,44.89,26.38
8,2005,572,70.18,94.67
6,2002,95179,47.3,57.74
9,2012,22651,52.64,98.3
3,2006,67825,76.87,4.31
10,2004,58471,88.27,1.16
2,2022,37291,54.78,47.71
7,2017,60510,61.78,86.2
10,2021,78040,79.71,52.44
7,2007,11031,38,87.62
10,2016,31848,53.2,13.06
2,2019,77587,84.92,69.93
3,2000,35528,91.56,65.99
10,2013,37530,71.59,54.5
2,2016,32292,51.47,40.51
4,2009,7888,68.47,64.71
3,2011,56197,34.31,55.01
5,2015,40724,22.34,27.26
7,2013,47459,25.97,10.46
1,2015,26044,28.65,38.66
6,2007,41638,38.05,51.24
1,2022,23198,56.94,50.85
3,2009,68087,38.58,42.56
5,2016,86851,66.8,32.74
7,2017,58038,99.86,35.05
5,2019,47547,59.85,26.58
10,2015,77045,80.55,57.99
7,2016,4128,43.39,84.99
10,2015,40902,97.03,87.97
2,2018,42691,39.93,99.37
3,2023,35227,67.73,8.88
2,2023,34794,98.67,21.43
8,2007,24723,84.66,73.02
5,2005,28148,99.36,64.52
10,2005,96740,50.38,13.39
4,2020,72965,26.21,63.1
2,2008,64474,39.48,40.65
8,2003,4019,96.61,95.69
9,2011,84115,49.65,85.52
1,2011,22780,29.98,7.32
7,2022,90410,67.45,9
8,2016,56118,60.03,41.71
3,2014,47339,25,0.84
2,2008,45579,56.24,9.44
3,2006,876,70.63,93.26
1,2009,1278,38.62,79.24
4,2015,36611,29.96,67.27
5,2011,80464,89.18,83.02
5,2024,22876,70.04,25.01
3,2006,4095,32.42,72.56
10,2017,80097,70.33,61.56
4,2014,80492,78.82,84.86
5,2005,19383,67.8,28.27
4,2011,79223,29.29,76.37
8,2010,83006,29.98,85.27
4,2019,73525,23.61,54.9
6,2002,52651,38.72,41.38
1,2001,32677,24.77,94.87
5,2005,97462,84.42,16.9
4,2023,72780,21.23,3.63
3,2021,74837,66.48,17.91
9,2024,60020,84.79,68.35
6,2004,76728,91.59,78.89
6,2017,58650,52.76,71.68
10,2015,84903,69.67,41.99
4,2007,47186,96.09,96.76
10,2024,55447,73.73,44.43
10,2019,31726,92.09,98.13
9,2021,63926,74.74,91.81
8,2010,40752,25.44,40.71
4,2009,16323,35.75,16.1
2,2023,26427,95.24,8.98
5,2024,66144,87.54,53.15
10,2011,25601,53.82,76.32
1,2020,67534,32.89,17.6
7,2005,97147,32.57,31.82
1,2019,48276,92.39,63.05
9,2004,51319,33.3,46.09
9,2022,52836,50.9,60.39
3,2008,87367,92.06,67.64
8,2015,58449,22.67,38.07
5,2021,59468,70.46,78.6
10,2013,49273,48.05,70.29
1,2021,73464,28.62,68.76
7,2007,89281,65.4,14.95
9,2019,54054,58.79,47.42
9,2018,30081,27.94,57.72
8,2013,99861,41.38,22.64
7,2006,88732,79.23,75.86
7,2004,18252,80.47,12.11
8,2017,24986,67.89,14.99
9,2001,97925,28.84,41.33
5,2010,80903,88.25,13.53
4,2021,54285,33.82,1.16
4,2007,81641,77.68,41.14
8,2000,98120,23.41,64.86
7,2021,53390,46.55,49.51
10,2011,26003,58.27,5.22
8,2001,69661,22.24,23.25
5,2017,22084,33.72,52.43
8,2006,52388,45.51,73.81
6,2016,42164,98.6,79.39
1,2021,58126,82.36,51.94
7,2022,12521,87.26,64.61
3,2013,86103,73.4,90.34
3,2023,82908,43.39,6.52
7,2006,11798,76.76,9.92
5,2021,24345,73.9,45.79
6,2024,60697,68.8,60.97
6,2002,74397,43.87,0.46
9,2005,45476,41.06,45.25
1,2019,73186,46.9,17.28
4,2001,43052,44.99,64.51
2,2016,46423,26.23,26.77
5,2011,42025,84.18,90.19
2,2011,42877,49.54,6.38
2,2016,40623,76.53,80.92
7,2009,93979,42.39,39.23
3,2002,90996,68.16,85.72
3,2019,47467,22.77,81.51
4,2017,11337,28.48,23.93
7,2012,20019,49.16,5.06
2,2011,86596,41.5,69.55
10,2016,23807,48.27,20.44
3,2003,82399,94.46,93.05
5,2022,20140,25.91,6.72
5,2009,97216,57.02,32.4
9,2010,24396,35.86,1.26
8,2005,63501,48.47,31.7
10,2005,57115,74.16,54.13
3,2008,12132,97.84,65.49
6,2014,88862,75.58,72.64
3,2001,21716,90.79,83.35
9,2003,10624,31.78,11.08
5,2004,28237,34.51,76.19
2,2016,30635,90.14,27.84
6,2007,68612,68.6,13.82
7,2007,35339,83.37,26.57
1,2021,20013,37.83,85.8
2,2011,44509,47.89,62.74
1,2020,4784,26.48,59.74
10,2007,36803,91.65,58.46
8,2018,39633,96.51,40.86
6,2002,82319,88.6,41.7
4,2017,15798,54.97,14.83
6,2020,852,47.29,33.26
3,2018,3622,57.01,51.2
5,2018,5707,71.01,60.6
3,2014,31441,54.52,7.16
3,2005,48091,53.73,33.38
10,2015,18915,54.48,33.94
2,2007,39093,79.57,51.51
4,2015,70080,82.94,71
4,2017,45656,89.64,63.52
3,2019,37888,39.44,57.09
1,2015,67206,32.6,29.14
10,2010,81541,47.61,83.91
3,2006,6140,53.64,78.53
8,2016,59972,76.15,18.36
5,2016,38185,80.63,65.51
2,2011,87665,98.73,90.67
7,2012,77861,50.26,43.56
8,2009,26681,52.2,92.48
1,2006,40574,63.37,2.2
6,2013,47530,85.63,51.62
6,2022,11625,72.87,25.63
8,2000,6301,65.81,26.22
3,2016,56397,71.85,87.75
7,2003,48766,57.16,31.15
9,2020,90683,80.72,2.33
9,2004,2792,26.02,53.97
1,2019,15477,60.72,97.09
3,2023,42693,84.53,7.91
4,2022,95245,44.2,28.63
4,2024,45887,87.47,46.95
2,2006,94194,82.63,83.05
7,2009,29464,66.45,26.89
7,2016,58573,40.17,34.37
6,2006,90647,88.89,38.45
10,2000,47107,22.4,37.96
1,2006,71233,67.4,20.03
9,2023,33077,82.61,91.57
1,2010,24072,58.83,79.29
4,2008,79994,28.23,97.56
4,2011,41704,86.72,37.1
8,2002,69502,92.73,4.53
2,2003,77995,65.06,11.55
7,2003,64041,82.97,35.75
5,2024,38480,68.86,91.11
1,2012,57772,65.86,98.11
4,2022,6445,30.46,82.2
10,2018,98072,54.94,23.84
6,2009,22379,74.3,65.97
9,2004,6819,56.36,59.66
2,2006,45745,69.42,82.33
10,2023,51433,91.58,50.97
2,2015,27930,49.3,31.81
8,2000,26291,86.28,1.93
5,2011,50267,22.32,79.5
4,2001,86583,88.21,53.02
6,2006,80695,28.53,53.42
10,2010,22158,45.72,95.71
2,2012,91065,61.08,48.62
7,2001,64213,72,31.58
8,2006,80475,96.25,33.98
7,2014,21445,44.56,1.17
6,2024,72607,26.83,12.24
10,2010,73172,56.71,4.38
8,2001,11181,47.62,24.33
10,2006,48327,68.01,6.47
4,2003,42609,93.82,33.11
3,2010,86126,71.47,12.61
8,2001,5655,66.24,91.79
7,2015,24289,39.69,93.84
6,2006,62072,41.18,60.35
5,2012,30063,54.89,80.55
4,2004,22230,91.3,67.72
3,2016,79750,66.36,81.11
5,2020,29567,59.57,63.98
9,2011,92749,63.4,43.02
4,2018,47858,86.7,87.38
6,2006,48559,74.23,43.81
2,2005,16966,94.19,39.62
8,2007,59367,66.54,62.44
10,2012,56446,35.68,93.79
6,2004,44840,21.5,44.22
8,2001,44039,45.37,57.49
5,2008,38204,25.02,49.23
10,2010,50759,52.57,90.97
1,2023,68110,35.03,67.67
7,2005,65002,52.39,41.96
9,2006,24621,51.94,60.69
4,2024,70510,42.1,15.61
6,2006,43384,72.23,34.19
9,2018,31612,54.67,73.62
2,2005,98624,91.48,56.24
8,2010,74608,26.09,31.43
8,2010,1136,52.85,36.23
6,2006,1299,82.08,80.98
3,2001,98729,59.56,54.09
3,2018,53664,97.29,23.88
1,2003,27631,33.99,29.68
7,2005,49934,45.28,46.79
10,2016,86729,29.29,76.28
2,2024,91791,39.74,99.74
9,2004,56325,73.8,18.58
3,2006,33884,58.96,75.49
1,2008,68124,32.97,61.72
1,2024,20757,57.98,53.12
6,2000,57324,87.79,96.65
2,2000,54266,55.19,32.28
5,2018,26104,21.06,17.7
10,2005,67080,24.39,87.76
7,2017,83065,55.05,6.87
4,2009,83360,67.46,81.71
6,2010,45797,90.92,58.92
10,2000,95638,98.56,16.4
4,2000,96861,98.43,22.74
4,2012,2166,64.63,15.58
2,2004,35732,22.86,71.83
2,2019,537,37.08,14.73
9,2000,86851,54.75,68.14
1,2019,43620,90.37,12.82
10,2002,87427,21.72,80.23
6,2017,28492,60.75,91.95
8,2008,56890,72.28,55.93
6,2013,17147,43.06,96.62
9,2016,62838,45.25,39.04
7,2022,23411,51.07,24.46
1,2013,39154,41.97,17.73
8,2003,97542,54.98,47.9
3,2004,26490,32.65,13.07
7,2020,18637,35.95,87.58
2,2016,25637,22.97,78.48
4,2021,64460,52.91,56.21
3,2024,53234,76.59,72.15
6,2001,38776,60.49,5
6,2022,75993,62.45,20.35
2,2021,86576,56,62.12
9,2004,6361,66.79,47.75
10,2003,45001,38.37,60.46
3,2003,97673,36.6,8.9
3,2005,44716,95.36,65.24
5,2019,98794,56.03,80.36
7,2020,32446,86.17,54.63
1,2012,52755,93.35,35.74
7,2021,80301,69.19,17.46
10,2004,94876,43.9,26.54
6,2022,17929,74.38,52.25
6,2024,8515,54.47,25.55
6,2022,52509,97.85,77.79
5,2006,34370,84.9,13.17
6,2019,40571,85.2,51.64
10,2000,60579,67.1,49.6
2,2013,25462,20.67,13.89
1,2023,84032,86.55,99.5
10,2003,51217,22.03,82.31
1,2016,68543,29.79,38.65
10,2020,19084,87.09,68.49
6,2013,53656,37.5,71.66
2,2015,77000,87.29,65.11
3,2013,55462,38.91,43.25
7,2015,75034,81.66,88.51
4,2023,15322,63.37,77.16
2,2019,86203,73.68,54.2
3,2007,48601,87.05,0.26
9,2023,98614,98.72,22.34
10,2002,44489,26.86,50.88
9,2024,99444,74.83,89.89
3,2018,20970,96.7,62.86
2,2000,92850,49.9,41.79
10,2001,35367,46.7,4.79
4,2014,11334,74.4,59.73
6,2021,57519,52.16,35.08
10,2009,80896,37.16,53.74
10,2017,41166,32.92,76.64
2,2021,61956,35.41,80.37
2,2013,78313,76.34,86.43
3,2016,81735,93.5,63.6
8,2012,88209,84.48,90.56
10,2000,4249,55.86,69.06
7,2004,5246,62.29,78.39
10,2012,59278,69.61,68.55
3,2024,78617,66.4,87.19
1,2013,51085,97.48,22.29
9,2023,78996,90.94,75.99
6,2002,42899,23.48,11.72
8,2014,28044,86.86,9.2
4,2018,74139,29.12,49.16
4,2016,78990,75.22,30.02
4,2002,13513,42.85,56.34
2,2015,89927,81.87,67.77
4,2013,70484,20.69,22.66
6,2011,62008,50.58,69.99
9,2011,9168,21.72,99.55
4,2010,94177,96.28,76
10,2016,22212,21.23,17.38
10,2007,5694,32.42,63.37
2,2016,31049,63.14,0.95
6,2020,47890,71.69,46.97
9,2024,5850,78.32,53.33
8,2022,6196,39.75,97.24
3,2019,98050,44.08,73.72
9,2010,42748,39.19,70.6
3,2024,99072,39.53,53.24
1,2024,26097,82.54,51.32
3,2001,98893,95.84,99.21
7,2009,35193,67.66,2.13
10,2009,29531,32.59,30.32
6,2010,79647,25.23,13.38
5,2005,96144,39.13,31.5
2,2003,18032,34.22,46.36
7,2023,29898,66.28,34.19
3,2011,82277,75.83,96.27
4,2010,75830,20.37,68.06
6,2022,71333,55.17,72.8
7,2022,92414,69.84,74.23
2,2024,74232,35.43,89.92
10,2012,92776,92.08,76.8
6,2004,36329,63.92,1.62
2,2005,8515,47.63,26.14
1,2000,12242,21.49,98.91
1,2005,4042,58.74,65.21
2,2017,1873,46.88,6.81
7,2021,70875,97.56,46.66
6,2008,53831,50.3,98.08
7,2023,60492,93.68,99.28
8,2024,77526,74.88,43.24
3,2014,98226,25.92,89.31
8,2007,30306,94.62,59.2
1,2018,86434,33.48,50.94
10,2023,6549,55.84,41.19
9,2015,22542,93.84,89.21
3,2005,43448,86.28,62.11
1,2005,26204,59.01,33.38
7,2021,26185,36.55,49.19
7,2002,64951,60.74,44.41
7,2009,52202,63.81,45.12
10,2000,74733,99.75,31.16
8,2013,40296,85.92,63.3
9,2003,26255,88.91,5.22
7,2011,33763,98.89,88.62
5,2005,24021,61.87,41.54
3,2010,66421,66.82,80.09
6,2011,30844,56.36,72.95
5,2009,77762,30.04,47.19
9,2017,38039,62.02,19.87
10,2006,7780,66.61,56.22
9,2006,18780,38.98,94.81
6,2010,28930,82.63,18.58
3,2003,56660,29.96,25.6
6,2019,92946,60.16,99.3
2,2000,30094,73.02,89.26
3,2012,96501,24.39,54.95
9,2017,34078,84.32,69.47
7,2008,92014,44.33,44.31
9,2023,4294,77.42,40.41
9,2023,71343,28.66,44.32
3,2008,27480,69.62,41.44
2,2022,65252,64.58,67.56
9,2008,74157,32,33.05
5,2009,5729,69.98,17.08
1,2001,3455,75.31,70.66
4,2005,94634,59.88,3.13
4,2014,49613,66.29,71.88
9,2002,3453,90.99,26.32
5,2010,71220,75.82,19.03
7,2005,17972,92.48,37.9
10,2002,99120,64.19,11.75
10,2023,12510,33.99,38.45
3,2010,6738,39.7,10.23
4,2014,13246,34.11,48.35
9,2012,47288,46.82,17.62
10,2019,57622,58.2,13
9,2009,66430,40.47,57.91
3,2005,10265,58.05,62.52
4,2014,17946,49.15,0.55
6,2024,84843,64.43,38.77
1,2017,32919,54.28,7.8
1,2017,30927,54.73,73.86
10,2006,54203,59.25,68.15
1,2014,70407,99.03,4.97
6,2017,55326,64.52,94.13
9,2017,69617,77.87,96
3,2019,14049,53.34,33.47
6,2008,7048,46.07,13.06
3,2023,70294,93.33,11.43
3,2001,32563,79.39,84.07
4,2007,54547,66.59,45.92
9,2019,72983,46.91,0.95
5,2001,40504,40.63,92.54
1,2010,38496,40.17,59.27
5,2006,12967,60.3,69.04
4,2005,31351,89.99,82.36
3,2009,33237,90.48,81.86
10,2004,92646,79.6,7.58
1,2010,91623,63.4,57.4
1,2000,91068,38.79,69.62
9,2001,21894,58.31,8.56
2,2023,44524,75.58,22.24
8,2000,20935,67.6,39.58
8,2018,20460,61.12,88.65
8,2001,90255,54.26,85.06
2,2020,24979,80.2,78.21
9,2019,56305,87.38,99.03
2,2022,98069,77.83,24.27
8,2020,51944,95.03,46.78
4,2023,87299,82.39,44.67
6,2003,24089,56.05,67.89
3,2011,99942,69.34,85.02
2,2021,10052,60.35,49.17
9,2019,80830,63.71,49.15
9,2017,25131,91.66,60.83
5,2000,86939,44.07,74.25
6,2000,45605,21.05,20.13
10,2023,77664,75.65,96.19
1,2013,31592,34.48,9.21
8,2003,76187,32.34,2.31
10,2004,30557,99.4,35.88
5,2010,89124,41.34,70.14
8,2023,39459,36.3,97.81
6,2022,6265,35.28,93.28
5,2012,25313,52.99,68.85
8,2015,36307,52.75,43.65
6,2023,49009,70.6,59.58
7,2012,58232,28.29,96.87
10,2023,28482,70.84,26.55
10,2021,91296,56.29,47.83
1,2001,86403,36.61,69.29
6,2015,65891,82.26,1.03
2,2005,82052,57.93,38.13
7,2013,49838,77.36,56.79
4,2000,48747,93.65,90.09
8,2016,27819,48.27,99.2
7,2010,69464,91.83,55.63
6,2018,27486,36.03,94.46
3,2002,28310,37.77,9.93
8,2010,31227,73.1,70.13
9,2004,89174,28.21,40.06
10,2016,65879,56.38,75.1
6,2021,96782,37.11,86.77
9,2006,87489,65.67,5.37
1,2009,19818,84.55,93.55
5,2010,62922,23.39,6.82
4,2002,21255,53.06,75.34
4,2019,79148,78.45,6.91
9,2009,48569,47.38,86.17
10,2009,49099,23.34,20.5
1,2013,72970,67.31,43.41